bedrooms,bathrooms,sqft_living,sqft_lot,floors,age,condition,grade,loc_score,price
1,0.5,1167,7946,1.0,24,5,7,-0.575,715000.0
5,4.0,2023,6646,1.0,75,5,6,-0.846,858000.0
4,2.5,1078,5466,2.0,33,3,12,-1.138,971000.0
3,2.0,1020,5174,1.0,83,1,10,0.529,620000.0
3,2.5,1976,10704,1.5,46,4,5,-0.135,833000.0
6,5.0,2480,4614,1.0,57,1,5,0.055,910000.0
1,1.0,625,1623,1.0,18,5,4,1.275,586000.0
5,4.0,2743,6988,1.0,89,2,6,1.332,1041000.0
2,2.0,1580,5472,1.0,17,4,9,-1.646,799000.0
1,1.0,857,2093,1.0,2,4,12,0.648,834000.0
4,3.5,1812,13576,1.0,39,3,8,0.226,894000.0
6,5.5,2560,12376,2.0,75,5,4,-0.462,969000.0
5,4.0,2318,12872,2.0,82,4,4,0.328,866000.0
5,5.5,2730,10439,2.0,77,5,7,-1.726,1052000.0
5,4.0,2377,7834,1.0,49,1,6,1.463,986000.0
5,3.5,2468,11774,2.0,82,3,9,0.515,1102000.0
4,4.0,2251,7683,2.0,44,5,5,-0.865,865000.0
1,1.0,499,1863,1.0,43,5,6,-0.585,402000.0
6,3.5,2826,12556,1.0,16,3,9,-1.703,1179000.0
3,2.5,1462,6999,1.5,70,1,6,-0.314,671000.0
4,4.0,1145,9043,2.0,28,2,7,-0.483,757000.0
3,3.0,912,2692,1.5,17,3,5,-1.325,584000.0
2,2.0,895,4181,1.0,33,4,4,0.777,619000.0
6,5.0,2759,6820,3.0,54,5,7,1.277,1245000.0
5,4.5,2284,8622,1.0,24,1,6,-0.027,1065000.0
4,3.0,1955,12048,3.0,32,2,12,-0.306,1212000.0
3,3.0,2135,5624,2.0,29,2,12,0.435,1041000.0
5,4.0,1869,9866,2.0,53,5,7,-0.02,841000.0
4,4.0,1892,7963,2.0,64,1,6,-1.082,770000.0
3,2.5,1641,3012,1.0,60,2,7,-0.653,764000.0
3,2.5,1329,10054,2.0,12,2,9,-0.296,811000.0
2,2.0,1208,5060,2.0,31,1,7,0.248,692000.0
1,1.0,400,2638,2.0,58,4,10,0.009,589000.0
4,4.0,2323,9771,1.0,19,3,12,0.21,1190000.0
6,5.0,2396,18192,1.0,6,3,7,-1.525,1026000.0
1,1.0,1459,4943,1.0,28,5,5,0.665,682000.0
6,4.5,2590,10825,1.5,61,3,5,0.003,1028000.0
5,4.0,2558,16455,1.5,59,2,11,2.553,1239000.0
2,1.5,1184,4421,2.0,11,2,7,-0.388,648000.0
4,2.5,1891,7315,2.0,60,5,6,0.323,883000.0
1,0.5,675,5377,2.0,17,3,9,2.829,700000.0
5,4.5,2286,11685,1.0,66,1,12,0.194,1206000.0
5,4.5,2345,14025,1.5,50,4,7,-0.068,995000.0
3,3.0,1315,7472,1.0,11,4,6,-0.987,671000.0
1,0.5,812,5588,1.0,31,2,11,1.528,760000.0
6,4.5,2417,17165,1.0,73,3,4,-1.159,890000.0
3,2.0,2240,11561,1.0,38,3,11,0.427,1053000.0
6,6.0,2573,8786,1.0,61,1,8,-0.474,1149000.0
5,5.0,2714,4473,1.5,67,1,4,-0.189,1008000.0
5,3.5,2191,12037,1.0,2,4,6,-1.424,912000.0
5,4.5,2328,15983,1.0,83,4,10,1.343,1233000.0
2,1.5,804,3561,1.0,30,4,10,-0.278,620000.0
3,2.0,1416,3640,2.0,71,2,5,-1.215,624000.0
3,2.0,1613,5440,1.5,42,3,9,1.253,859000.0
3,2.0,2026,9755,1.0,51,5,12,-0.504,1130000.0
1,1.0,917,6363,1.0,32,2,10,0.335,661000.0
4,4.0,2315,6057,3.0,76,4,10,0.841,1122000.0
1,0.5,1042,5709,1.5,10,1,5,0.474,486000.0
5,4.5,2738,17515,2.0,80,1,9,-2.197,1040000.0
5,5.0,2232,16928,1.5,18,5,10,0.695,1301000.0
6,6.5,3317,7492,2.0,79,1,4,-0.101,1087000.0
5,4.5,2104,15825,2.0,2,4,6,-0.329,1077000.0
3,2.0,1320,7141,1.0,1,3,11,-0.109,896000.0
6,5.5,2237,14504,2.0,8,5,12,-1.61,1330000.0
3,2.5,2249,4160,1.0,49,3,5,0.192,772000.0
2,2.0,1446,6926,2.0,23,4,10,-1.364,837000.0
6,5.0,2500,13868,1.0,53,5,8,-0.286,1120000.0
3,3.0,1925,6727,1.0,73,5,9,0.156,1037000.0
1,0.5,1056,4547,3.0,2,4,8,1.074,738000.0
3,2.5,2140,10920,2.0,47,1,11,-0.82,904000.0
5,5.0,1786,9094,1.0,66,1,8,1.452,881000.0
2,2.0,1120,1985,3.0,38,3,9,0.947,729000.0
3,2.5,1411,6147,1.0,83,4,10,-0.429,883000.0
1,1.0,400,1156,1.5,59,4,8,-1.109,522000.0
5,5.0,2568,19153,2.0,3,4,11,-1.444,1246000.0
3,2.5,1469,11528,1.0,48,1,6,0.272,664000.0
2,1.5,1422,4903,1.5,34,1,12,-0.737,893000.0
2,1.5,1908,5035,2.0,11,1,10,1.199,910000.0
4,3.5,1794,5251,1.0,85,3,12,-0.68,1029000.0
5,4.0,2124,9782,1.0,20,4,7,-0.901,994000.0
6,4.5,2636,18938,1.0,7,1,8,0.234,1128000.0
3,3.0,1846,8769,2.0,20,5,4,-0.686,793000.0
1,1.0,680,1265,1.0,74,2,12,0.009,689000.0
5,5.0,2061,3626,1.0,53,4,11,0.986,1194000.0
4,4.5,2217,6602,2.0,73,4,6,0.117,878000.0
5,5.0,2364,16496,1.0,41,1,4,0.121,916000.0
1,1.0,400,2216,1.0,10,5,10,0.205,716000.0
2,2.0,832,4292,2.0,34,5,10,-1.693,734000.0
5,4.0,2700,9648,2.0,17,5,8,0.392,1226000.0
5,4.0,2371,17880,1.0,50,1,5,0.16,893000.0
3,2.0,1321,4825,2.0,24,2,12,0.893,982000.0
5,4.5,2199,15233,2.0,87,2,7,0.606,956000.0
6,4.5,2604,19070,1.0,33,3,10,-0.202,1165000.0
3,2.0,1771,8220,2.0,28,5,11,1.032,1096000.0
6,5.5,2193,16037,2.0,88,4,8,-0.293,968000.0
2,1.5,948,3128,2.0,46,4,4,0.247,531000.0
2,1.5,1282,7410,1.5,15,3,11,-0.311,845000.0
5,5.0,2220,4599,2.0,43,5,10,0.462,1159000.0
4,4.0,2072,9491,3.0,22,5,12,-0.376,1195000.0
1,0.5,481,1401,1.5,64,5,9,1.648,596000.0
5,3.0,2357,4497,2.0,51,5,12,2.017,1300000.0
2,1.5,1527,2327,2.0,65,4,11,0.874,924000.0
5,5.0,2396,8652,2.0,84,1,5,1.541,906000.0
1,1.0,892,4756,3.0,65,2,5,-1.539,473000.0
5,3.5,2221,9903,1.0,30,4,5,-1.421,889000.0
5,5.0,2000,6923,1.0,18,2,11,-0.322,1142000.0
5,3.5,2228,17697,1.5,47,1,6,0.041,959000.0
4,3.0,2278,17329,1.0,40,5,8,-0.198,1103000.0
3,3.5,1514,3508,1.5,28,3,11,-1.642,945000.0
5,3.5,1983,8325,2.0,73,5,7,1.152,954000.0
2,1.5,1052,6015,2.0,81,2,4,2.154,463000.0
5,4.0,2310,14478,1.0,34,2,7,1.281,1041000.0
4,3.5,1788,6940,2.0,61,2,4,1.086,792000.0
3,3.0,1696,10771,1.0,88,2,7,0.226,787000.0
4,4.5,2057,4745,1.5,1,3,10,-0.843,924000.0
4,2.5,2167,7924,1.0,32,2,8,0.073,993000.0
1,0.5,1277,7862,1.5,66,5,10,2.106,893000.0
1,1.0,1149,6396,1.5,44,2,4,-0.352,468000.0
2,1.5,920,6387,2.0,71,3,10,-0.455,735000.0
1,1.0,579,1045,2.0,42,5,7,1.107,613000.0
3,3.0,1527,4021,1.0,5,3,6,1.174,784000.0
5,3.5,2115,3839,1.0,39,1,9,-0.848,1021000.0
4,4.0,1559,4285,1.0,36,1,5,-0.261,651000.0
3,2.0,1417,2165,3.0,76,3,8,-0.502,729000.0
6,5.0,2458,11743,2.0,13,4,7,0.07,1114000.0
4,3.5,1698,8378,1.0,13,5,5,1.104,831000.0
1,1.0,755,4361,1.0,12,1,12,-0.804,727000.0
5,4.5,2604,10421,1.0,51,3,7,1.09,1161000.0
4,3.5,1960,2981,2.0,89,2,4,0.102,778000.0
4,4.5,2642,15536,1.0,55,3,7,2.326,1167000.0
4,4.5,1951,3615,1.0,73,3,12,0.319,1030000.0
4,3.5,1813,12927,1.0,76,2,10,-0.097,883000.0
1,0.5,851,1402,1.0,54,1,9,0.575,610000.0
4,4.0,1977,9782,1.0,54,1,12,-0.337,1059000.0
5,5.5,2381,17422,1.0,21,3,4,-1.795,883000.0
2,1.5,1823,9518,2.0,86,2,8,-0.241,861000.0
4,3.5,1646,8978,1.5,70,2,6,-0.256,751000.0
1,1.0,1108,6571,1.0,78,1,10,-1.592,650000.0
3,2.0,1612,3701,1.5,88,1,11,-0.073,900000.0
3,3.0,1079,6352,1.5,31,1,4,-2.067,484000.0
6,4.5,2831,20446,2.0,12,2,5,-0.348,1177000.0
2,2.0,1580,12375,3.0,77,1,12,0.244,859000.0
2,2.0,943,4130,1.0,42,2,8,0.097,622000.0
3,3.0,1547,5785,2.0,86,2,6,-0.411,637000.0
6,5.0,2082,13318,2.0,62,2,5,-0.086,944000.0
6,4.5,2222,11174,2.0,23,1,7,-0.784,1000000.0
1,1.0,1164,3693,1.0,31,1,4,0.011,462000.0
2,2.0,1060,2776,1.0,54,5,6,0.058,603000.0
5,4.0,1917,4997,1.0,35,4,5,-0.9,899000.0
1,1.0,919,4121,3.0,25,1,4,0.268,464000.0
6,4.0,2443,6366,2.0,18,2,12,0.261,1314000.0
2,2.0,1059,1724,1.0,58,2,11,-0.166,768000.0
6,4.0,2822,5188,1.5,3,5,12,2.421,1491000.0
2,1.5,851,6420,1.0,8,5,6,-0.141,636000.0
3,2.5,1278,2523,1.0,3,4,6,-0.279,699000.0
4,2.5,1946,3845,2.0,66,1,6,-0.422,753000.0
1,0.5,1141,5058,1.5,2,3,9,-0.971,653000.0
4,2.5,2271,7025,2.0,37,3,5,0.686,911000.0
4,3.5,1700,13188,2.0,10,4,6,-0.686,875000.0
5,5.0,2531,18784,2.0,52,5,12,-0.568,1338000.0
6,3.5,2365,9769,2.0,3,2,7,-0.538,1043000.0
4,3.5,2448,10812,1.0,2,3,11,-0.985,1169000.0
3,3.0,1210,4765,2.0,36,2,6,-1.751,683000.0
3,2.0,1949,3403,2.0,62,2,12,-0.463,1038000.0
3,2.0,1353,4605,1.0,9,2,10,0.873,943000.0
5,5.0,2854,6557,1.0,44,4,11,0.197,1390000.0
2,2.0,1377,2982,1.0,72,3,8,1.561,771000.0
2,1.5,895,4605,1.0,56,4,12,0.751,852000.0
3,3.0,1393,2984,1.5,67,4,7,0.524,806000.0
1,0.5,1084,2351,1.0,28,2,8,1.883,643000.0
1,1.0,1166,5391,2.0,84,5,4,-0.097,466000.0
1,1.0,829,3627,1.0,13,1,5,0.063,415000.0
5,3.5,2263,5419,1.0,54,5,10,-0.011,1122000.0
5,5.0,2478,3789,1.0,39,1,6,1.544,1014000.0
5,4.5,2290,6307,1.0,2,2,4,0.003,841000.0
3,3.0,1162,3525,3.0,84,5,6,-0.648,659000.0
5,4.0,2006,13443,1.0,63,4,7,0.588,956000.0
1,1.0,921,6862,1.0,20,2,10,-0.816,735000.0
6,4.5,2965,12271,1.0,4,5,4,0.533,1228000.0
4,3.0,2385,9856,1.0,60,1,4,0.414,839000.0
6,6.0,2834,17376,2.0,49,4,10,-0.189,1276000.0
1,0.5,936,5218,2.0,4,3,5,0.566,577000.0
3,2.0,1775,4787,1.0,88,2,7,-1.488,708000.0
5,3.5,2050,4510,2.0,64,5,10,0.163,1067000.0
3,2.0,1504,6534,1.5,41,4,8,-0.463,766000.0
3,3.0,1303,6738,2.0,21,1,5,2.862,705000.0
1,1.0,475,1141,1.5,24,1,10,0.156,583000.0
3,3.5,1650,5620,1.0,40,1,4,-0.596,686000.0
2,1.5,1256,4382,2.0,5,3,6,-1.378,655000.0
2,2.0,1406,4497,2.0,33,3,4,1.305,734000.0
5,4.0,2414,10851,1.5,19,4,8,-0.35,1126000.0
4,3.0,1973,11335,3.0,10,4,10,-0.791,1060000.0
4,4.0,2067,9944,2.0,11,1,9,0.336,1004000.0
3,3.5,1537,4318,1.0,31,3,5,0.65,704000.0
6,6.0,2724,5909,2.0,34,4,7,0.634,1170000.0
1,0.5,632,4324,2.0,31,5,5,0.02,451000.0
3,2.0,1661,7666,1.5,62,2,7,0.159,643000.0
1,1.0,1051,2001,1.5,46,1,6,0.232,489000.0
3,2.0,1349,4287,2.0,17,1,10,0.336,909000.0
6,6.0,2616,17596,2.0,87,2,10,0.425,1223000.0
3,2.5,1363,8704,1.5,65,3,11,1.094,897000.0
6,5.5,2442,17565,1.0,42,2,5,0.056,1005000.0
3,3.0,1213,6567,1.0,4,1,4,-0.817,484000.0
5,5.0,2630,11175,2.0,82,2,4,-0.144,929000.0
3,2.0,1870,7991,2.0,67,2,11,0.754,1033000.0
2,1.0,1361,3758,1.0,41,3,12,-1.787,831000.0
5,4.5,2842,16285,2.0,14,1,5,-1.781,903000.0
6,5.0,2543,13485,2.0,9,4,11,0.918,1310000.0
2,1.5,2110,5289,1.5,26,3,8,1.52,1018000.0
5,4.0,2182,15834,1.0,20,2,5,-1.265,873000.0
2,2.0,1277,4974,1.5,18,5,6,0.1,658000.0
5,5.0,2131,3885,1.0,36,4,6,-0.4,1067000.0
5,4.5,2362,8577,1.0,4,1,10,-0.261,1076000.0
3,2.5,1801,12884,2.0,29,1,5,0.306,727000.0
5,3.5,2216,16532,2.0,78,1,5,-1.293,737000.0
2,1.5,1733,8124,1.0,77,3,10,-1.107,791000.0
1,1.0,922,7114,2.0,0,2,6,-0.301,536000.0
1,1.0,931,6693,2.0,61,2,6,-0.145,536000.0
3,3.0,1277,8765,1.0,89,3,11,-1.126,879000.0
6,4.0,2726,19322,1.0,52,3,12,0.79,1306000.0
1,0.5,810,3226,2.0,35,1,8,-0.418,497000.0
3,2.0,1368,8779,2.0,44,1,11,-0.422,858000.0
5,5.0,2017,10595,1.0,19,4,11,0.283,1199000.0
2,2.0,2002,12368,2.0,35,5,9,-0.129,987000.0
5,3.5,2171,5765,2.0,84,5,11,0.837,1159000.0
2,2.0,763,4772,2.0,55,5,4,-0.933,465000.0
5,4.0,2041,15765,2.0,38,3,4,-1.397,796000.0
4,3.5,1885,6536,1.0,11,5,11,-0.31,1098000.0
4,4.5,2064,16326,1.0,81,5,5,0.06,931000.0
2,1.5,1366,5409,1.0,14,5,10,-1.241,952000.0
3,2.0,1753,4905,2.0,64,1,7,-1.388,716000.0
6,5.5,2407,5367,2.0,27,1,11,0.182,1209000.0
1,0.5,952,6285,2.0,25,3,9,-0.758,664000.0
5,4.5,1987,10146,1.0,15,3,4,-1.453,779000.0
3,2.0,1364,4769,1.5,33,5,7,0.965,839000.0
5,3.0,1975,10773,1.0,60,2,10,-0.632,993000.0
4,3.0,1543,5645,1.0,37,5,12,1.15,1063000.0
3,2.5,1869,8250,1.0,2,5,11,0.028,1126000.0
2,1.5,1407,10000,2.0,23,5,12,0.295,982000.0
4,2.5,2193,12814,1.0,14,1,12,-0.211,1066000.0
1,1.0,862,5565,2.0,36,2,12,-2.655,695000.0
4,3.0,2133,11289,3.0,81,2,9,-1.137,931000.0
1,1.0,400,3178,2.0,86,4,7,-0.126,495000.0
4,2.5,2159,6626,1.0,89,4,8,0.365,986000.0
4,3.0,1953,6259,2.0,10,3,11,-1.79,1019000.0
1,0.5,1038,2181,2.0,43,1,7,-0.054,532000.0
5,4.5,2364,12059,1.5,4,3,11,-1.122,1189000.0
3,2.0,1254,6880,2.0,44,4,10,0.235,867000.0
5,5.0,1801,11200,2.0,51,3,5,-0.019,855000.0
1,1.0,636,2341,1.5,69,2,12,0.744,716000.0
2,1.5,1369,2163,1.5,30,3,11,1.067,901000.0
3,2.0,1757,9856,1.5,3,4,9,0.459,1007000.0
2,1.5,790,6313,1.0,40,3,5,0.86,501000.0
2,2.0,906,3094,2.0,38,5,6,-0.35,723000.0
4,2.5,1683,4537,1.0,56,2,11,2.823,1065000.0
1,1.0,743,2475,1.0,8,4,4,-1.219,390000.0
5,5.0,1841,7852,1.0,55,5,8,-0.528,989000.0
1,1.0,423,1324,1.0,36,2,9,0.901,606000.0
2,1.5,953,3579,1.0,66,2,6,0.753,541000.0
4,4.5,1926,10879,2.0,88,1,11,0.487,950000.0
5,3.0,1896,7096,1.0,20,2,8,0.675,903000.0
2,1.5,1165,4747,1.0,67,1,4,-2.084,441000.0
2,1.5,1518,2672,2.0,11,4,6,1.589,711000.0
6,6.5,2209,16494,3.0,88,1,7,-0.204,908000.0
6,5.5,2538,10519,1.5,43,4,6,1.246,1142000.0
4,4.0,2207,8018,1.0,67,3,12,-2.034,1075000.0
3,2.0,1425,2939,1.0,69,5,7,0.257,731000.0
3,3.5,1378,7747,1.0,54,2,8,-0.564,740000.0
4,3.5,2249,16001,1.0,34,2,8,0.572,948000.0
4,3.5,1808,3196,2.0,67,2,5,0.317,778000.0
2,2.0,1531,3742,2.0,42,3,9,0.366,805000.0
1,1.0,979,2400,1.0,59,2,7,-1.059,505000.0
1,1.0,747,4045,3.0,55,1,4,-0.057,391000.0
6,5.5,2744,20547,1.0,41,5,7,-0.18,1174000.0
3,2.0,1646,7153,1.0,10,4,9,0.495,900000.0
3,2.5,1856,6932,1.0,26,1,5,0.989,679000.0
3,2.0,1385,8972,1.0,84,4,11,0.15,898000.0
5,3.5,2262,14311,2.0,46,2,9,-1.276,1005000.0
1,1.0,832,2582,1.0,57,1,6,0.108,452000.0
1,1.0,1061,2701,2.0,23,3,9,2.611,742000.0
2,1.5,892,3413,1.0,63,4,6,1.646,614000.0
3,2.5,1855,12134,2.0,43,1,9,-2.974,819000.0
5,4.0,2390,14383,2.0,19,2,5,0.063,950000.0
3,2.5,1155,6731,1.5,13,5,9,0.932,945000.0
3,3.0,1912,13176,1.0,35,2,4,-0.182,765000.0
6,6.5,3270,10795,2.0,50,1,4,-0.46,1094000.0
1,1.0,1151,4268,1.5,25,3,6,-0.267,634000.0
4,3.0,2328,4133,1.0,22,4,5,0.552,943000.0
4,3.5,1926,13765,2.0,24,5,8,-1.148,964000.0
3,2.5,1052,5561,1.0,26,4,5,1.189,723000.0
5,4.0,1697,5834,1.0,66,1,6,-0.056,728000.0
2,2.0,1277,2492,1.5,44,5,4,-0.935,587000.0
6,5.5,2422,15022,1.0,42,4,11,1.124,1347000.0
2,1.5,926,5896,1.5,14,4,10,-1.545,744000.0
4,3.0,1881,10967,1.0,49,5,5,-0.555,797000.0
4,3.0,2085,5889,1.0,86,4,5,-0.572,723000.0
6,4.0,2164,16091,1.0,67,2,11,2.144,1068000.0
3,2.0,1415,9050,1.0,40,3,10,-0.685,935000.0
2,2.0,1653,9547,3.0,27,3,11,-2.155,902000.0
1,1.0,527,3020,1.5,31,3,5,-0.582,388000.0
3,2.0,1811,13362,1.5,2,4,7,0.456,912000.0
5,4.5,2105,15859,1.0,2,4,5,0.784,933000.0
1,1.0,1014,5447,2.0,69,1,7,2.277,595000.0
6,4.5,2929,12326,1.0,75,3,5,1.407,1049000.0
4,4.0,2122,8200,1.0,87,1,4,0.188,692000.0
1,1.0,1123,7663,2.0,56,3,8,-0.891,536000.0
2,2.0,855,4865,1.5,83,3,12,1.624,749000.0
4,3.5,2234,4473,2.0,37,2,9,-0.369,1059000.0
2,1.5,944,2288,2.0,22,5,10,-0.658,727000.0
1,1.0,928,6822,2.0,22,2,11,-0.417,758000.0
4,3.0,1977,14332,1.0,21,1,12,-1.252,1083000.0
5,5.5,2396,18418,1.0,67,2,5,-0.465,928000.0
1,1.0,951,4071,1.0,0,4,6,-0.233,589000.0
2,1.0,947,6247,2.0,85,1,9,0.731,633000.0
2,1.0,795,5472,2.0,69,3,11,-0.388,677000.0
4,4.0,2162,7679,2.0,34,3,10,-1.267,1102000.0
5,4.5,2306,5637,1.0,63,5,10,-1.604,1190000.0
5,3.0,2595,20710,2.0,12,1,6,0.21,1063000.0
6,6.0,2587,4389,1.5,38,1,7,0.073,989000.0
5,5.0,1828,9840,2.0,9,3,4,-0.554,800000.0
2,1.5,1490,8532,1.5,10,1,6,-0.467,667000.0
1,1.0,739,4383,1.0,0,4,5,0.388,557000.0
4,2.5,2003,6333,1.0,71,2,12,1.391,1005000.0
6,6.0,2406,14894,3.0,66,3,4,-0.78,845000.0
6,4.5,3093,8990,1.0,80,1,7,0.089,1179000.0
2,2.0,937,6455,1.0,88,4,11,0.958,769000.0
2,1.5,1099,3214,1.0,86,3,12,-0.776,717000.0
1,1.0,882,5317,1.0,89,1,7,-0.016,445000.0
1,0.5,522,3441,2.0,1,2,8,-0.038,562000.0
4,2.5,1999,5454,1.0,70,1,8,-1.311,784000.0
4,4.0,2384,7264,1.0,65,1,11,0.168,1120000.0
3,2.5,1403,9210,2.0,14,4,10,0.032,873000.0
2,1.5,1319,2716,1.5,12,3,8,0.555,697000.0
5,5.5,1425,3904,1.0,87,5,7,-1.187,879000.0
3,3.0,1538,6861,1.0,79,2,7,0.01,755000.0
5,5.0,2156,16270,1.0,29,4,9,1.382,1138000.0
6,4.0,2354,12128,1.0,6,4,11,2.077,1277000.0
2,2.0,1524,6126,1.0,30,4,4,1.28,765000.0
2,2.0,1102,8661,1.0,0,5,10,-1.177,852000.0
6,4.5,2547,11497,2.0,61,4,8,0.451,1187000.0
4,2.5,1787,7719,2.0,34,4,5,-0.483,749000.0
2,2.0,625,2610,2.0,4,4,4,0.284,504000.0
4,3.5,1560,5506,1.0,88,3,7,-0.772,772000.0
4,3.5,2188,7914,1.0,74,4,6,-1.713,827000.0
6,6.5,1967,11745,3.0,81,5,4,-0.345,877000.0
2,2.0,970,1712,2.0,89,4,6,0.723,564000.0
6,5.0,2480,14711,1.5,1,4,11,0.288,1322000.0
6,4.5,3123,8769,1.0,69,1,10,0.403,1206000.0
2,1.5,1431,5720,1.0,70,3,5,0.216,645000.0
1,0.5,683,1675,1.5,70,1,10,0.405,602000.0
4,4.0,2291,11668,1.5,23,1,8,0.53,1012000.0
1,1.0,628,3919,1.0,35,2,10,-0.275,642000.0
2,1.5,1503,5719,3.0,83,3,6,0.083,642000.0
3,2.5,1142,2926,1.5,5,3,4,1.743,628000.0
6,6.0,2922,8685,1.5,57,5,6,0.142,1208000.0
6,3.5,2478,16894,1.0,71,4,12,0.043,1264000.0
1,1.0,541,1753,2.0,71,3,9,0.103,538000.0
6,5.0,2535,16568,2.0,53,2,4,-0.218,908000.0
1,1.0,933,3408,1.0,69,4,12,-0.435,762000.0
5,3.5,2102,5732,1.5,81,2,11,0.209,1031000.0
6,5.5,2766,17225,2.0,68,5,8,-0.506,1263000.0
6,4.5,2425,11023,2.0,10,4,10,-0.146,1231000.0
2,2.0,1386,2361,1.0,22,4,5,-0.791,654000.0
6,3.5,2733,21152,2.0,27,2,9,0.108,1133000.0
1,1.0,832,2047,1.5,30,4,12,0.584,847000.0
4,3.5,1768,6713,1.0,32,5,7,-0.212,878000.0
3,2.0,1595,6382,1.0,19,1,4,-2.008,548000.0
2,1.5,1365,6390,1.0,61,1,10,0.59,820000.0
1,0.5,1469,9703,1.0,9,3,10,0.12,862000.0
5,4.0,2532,3898,1.5,70,2,10,-0.993,979000.0
3,2.0,1843,13935,2.0,59,4,9,0.773,934000.0
4,4.5,2827,16111,1.0,86,3,5,-1.398,960000.0
3,2.5,1705,13093,3.0,0,5,5,1.045,830000.0
3,3.0,1695,11548,1.0,26,2,11,-0.057,986000.0
6,6.5,2811,21169,1.5,80,2,11,-2.269,1146000.0
1,0.5,547,2957,2.0,44,1,4,0.178,209000.0
5,4.5,2117,8092,2.0,50,2,9,-0.406,971000.0
5,5.0,2098,9187,2.0,2,2,8,-0.557,1035000.0
3,3.0,1744,10075,2.0,68,4,7,-0.738,665000.0
2,1.5,1148,4908,1.0,22,2,9,-0.127,694000.0
1,1.0,891,5574,1.0,86,2,12,-0.485,619000.0
6,3.5,2926,6136,1.0,33,2,11,-1.857,1211000.0
6,5.0,2859,19713,1.0,16,3,5,1.272,1231000.0
2,2.0,1151,3254,1.0,53,4,8,-0.244,703000.0
1,1.0,649,4956,1.0,42,5,12,-0.732,742000.0
1,0.5,1191,2991,2.0,42,1,6,-1.128,553000.0
1,1.0,1082,2531,2.0,85,5,11,0.771,803000.0
5,4.0,1768,11982,2.0,32,2,8,-1.298,871000.0
6,6.5,2506,17095,2.0,35,5,8,0.134,1255000.0
1,0.5,900,5672,1.0,56,1,6,-0.584,480000.0
5,5.5,2484,19235,1.0,15,4,12,-0.525,1324000.0
2,2.0,1473,4800,2.0,74,5,8,-1.104,750000.0
3,2.0,1635,11238,2.0,20,1,9,-0.62,814000.0
4,2.5,2076,7864,1.0,21,4,8,0.009,1024000.0
5,5.0,2269,11329,1.5,0,1,4,0.235,890000.0
6,4.0,2398,10543,1.5,30,5,11,-0.786,1277000.0
1,1.0,772,1187,1.0,52,4,6,-0.091,473000.0
2,2.0,1206,6312,1.0,63,5,6,0.888,756000.0
2,2.0,1190,7567,1.0,80,5,11,-1.663,818000.0
2,1.5,634,1670,2.0,70,2,5,-0.006,379000.0
6,5.0,2481,18746,3.0,28,3,10,-0.951,1208000.0
5,3.0,2267,11216,1.5,74,4,8,-1.053,940000.0
2,2.0,1116,2967,2.0,17,1,11,0.261,814000.0
6,4.5,2526,14395,2.0,18,2,4,-0.545,919000.0
3,2.0,1696,4660,1.0,32,1,10,-1.217,844000.0
4,3.0,1576,3015,2.0,48,5,6,1.324,885000.0
3,3.0,1062,6324,1.5,18,2,11,0.92,903000.0
1,0.5,746,1656,1.5,81,3,7,-1.932,391000.0
6,6.0,2829,6197,1.0,24,3,4,-1.474,976000.0
1,1.0,1356,8556,2.0,35,2,8,0.593,735000.0
2,2.0,1435,2667,3.0,54,4,4,-0.285,625000.0
2,2.0,760,5140,1.0,38,5,6,1.501,607000.0
2,2.0,1130,7543,1.0,36,3,10,0.616,884000.0
1,1.0,927,2242,1.0,88,5,9,0.299,709000.0
1,0.5,903,4397,2.0,39,1,10,-1.022,593000.0
5,5.0,2412,5133,1.5,10,5,11,0.491,1258000.0
6,5.0,2325,13047,1.0,65,1,8,-1.276,976000.0
1,1.0,869,1659,2.0,63,1,8,1.305,578000.0
2,2.0,1326,10129,1.0,19,1,4,0.422,641000.0
4,4.5,2148,6122,1.5,76,2,6,-0.825,896000.0
6,5.5,2358,14004,1.0,35,5,10,0.805,1257000.0
5,4.0,2146,5009,1.5,13,2,4,2.242,950000.0
5,4.0,1439,4119,1.5,15,4,7,-0.218,892000.0
4,3.0,1714,7595,1.0,64,3,5,0.55,759000.0
3,2.5,1393,7279,1.0,19,1,11,-0.432,893000.0
2,1.5,894,7145,2.0,42,3,9,0.085,715000.0
6,4.0,2650,4422,1.5,66,2,9,-1.507,1098000.0
5,3.0,2233,3354,2.0,76,2,10,-0.001,992000.0
1,1.0,400,1511,1.5,44,3,6,0.044,403000.0
5,4.0,2315,8982,2.0,81,4,4,1.799,910000.0
1,1.0,572,4144,1.0,27,3,7,-1.795,440000.0
5,4.5,2396,17807,2.0,78,2,5,-0.281,831000.0
5,3.0,1865,13472,1.0,22,4,6,1.288,954000.0
1,0.5,859,2088,1.0,5,4,6,-0.242,580000.0
3,2.0,1465,6122,1.0,65,2,11,-0.171,803000.0
1,1.0,941,5974,1.0,68,5,6,-0.833,531000.0
4,3.0,1937,6841,2.0,83,5,5,-0.933,773000.0
6,5.0,2523,14661,3.0,82,4,12,-1.826,1225000.0
1,1.0,400,1217,2.0,9,2,4,-0.629,296000.0
3,3.5,1107,3988,1.0,55,2,5,-0.989,508000.0
6,4.5,2425,17200,2.0,63,3,7,0.118,1064000.0
2,1.0,1198,3748,2.0,54,1,4,-0.788,392000.0
1,0.5,668,5189,1.0,1,2,12,-0.48,712000.0
3,2.0,1738,6067,1.5,4,1,7,-0.452,773000.0
4,3.0,1816,3002,2.0,60,1,11,-0.048,955000.0
4,3.5,1610,5083,1.0,77,4,5,-0.529,733000.0
2,2.0,1117,2919,1.5,16,1,8,-1.062,726000.0
6,5.0,2668,12791,2.0,4,3,5,0.086,1002000.0
4,3.5,1997,4459,1.0,36,3,6,1.067,947000.0
2,1.5,1764,9824,1.0,28,1,7,0.128,653000.0
6,6.0,2399,17241,1.5,88,5,11,-0.61,1291000.0
6,5.5,2578,9942,2.0,83,5,6,-0.123,977000.0
3,3.0,1678,4355,3.0,50,4,10,-2.051,999000.0
1,1.0,843,3456,2.0,85,4,4,-0.139,408000.0
4,3.0,1750,11565,2.0,20,2,6,-0.4,855000.0
4,2.5,1435,7670,1.5,89,5,9,-0.933,867000.0
1,0.5,697,1504,2.0,40,4,8,-0.752,544000.0
4,3.5,1578,7877,1.5,42,3,8,-0.41,835000.0
6,6.5,2082,9458,1.0,4,4,10,0.992,1196000.0
1,1.0,611,2216,2.0,15,5,4,1.092,531000.0
5,5.0,1936,4290,2.0,17,4,10,-0.928,1062000.0
1,1.0,1025,8074,1.5,43,1,11,-0.518,676000.0
5,3.5,2430,6426,2.0,17,2,10,-0.493,1146000.0
3,2.5,1279,3521,2.0,9,1,6,0.81,655000.0
1,1.0,772,1889,1.0,54,2,7,0.146,511000.0
6,5.5,2043,10636,1.0,78,5,12,0.093,1212000.0
1,1.0,702,3077,1.0,6,1,11,0.536,678000.0
4,3.0,2020,6307,1.0,50,5,12,-0.596,1096000.0
2,2.0,1447,6209,1.5,86,2,12,1.364,984000.0
6,4.0,2386,14025,1.0,36,3,7,-0.002,1030000.0
5,5.5,2566,8547,1.0,16,3,5,-0.856,995000.0
5,3.5,1795,13371,1.0,7,1,6,-0.23,821000.0
3,2.0,1176,4106,2.0,84,1,6,1.232,627000.0
3,2.5,1763,4916,2.0,36,2,11,-0.425,910000.0
4,3.5,2401,18499,1.0,9,1,6,0.95,1000000.0
5,4.5,2398,16231,1.0,77,4,7,-0.625,1019000.0
6,5.0,2588,9654,1.0,72,3,11,-0.766,1128000.0
1,1.0,400,2788,1.0,63,5,5,0.66,517000.0
4,3.5,1293,6300,1.0,7,5,9,-0.874,954000.0
1,1.0,889,3337,1.0,7,2,8,0.823,618000.0
2,1.5,1093,7605,1.0,19,5,12,0.352,869000.0
5,3.0,1918,12254,3.0,14,1,8,-0.874,907000.0
2,2.0,1220,4192,1.5,47,3,8,-0.071,654000.0
5,3.5,2285,12438,2.0,35,4,11,-0.549,1218000.0
3,3.0,1833,7151,1.0,68,3,12,0.349,1018000.0
2,1.5,1241,1870,1.0,9,4,10,1.888,975000.0
3,3.5,1919,14876,2.0,65,5,10,-0.371,979000.0
4,3.5,1902,9648,1.0,84,3,11,0.534,1026000.0
5,5.0,2215,11938,2.0,11,2,12,0.024,1275000.0
4,3.5,2219,11981,3.0,58,3,10,0.024,1053000.0
6,4.0,2306,11713,1.5,45,5,6,-0.165,1020000.0
6,6.0,3444,11659,1.0,8,5,9,-0.857,1478000.0
5,4.5,2363,18467,1.5,26,5,6,0.335,1031000.0
4,4.0,2014,11159,1.0,70,2,8,-0.289,859000.0
2,1.5,1358,7959,1.0,78,2,8,-0.905,598000.0
3,3.0,2113,9416,1.0,33,3,12,1.014,1177000.0
1,1.0,1088,3668,2.0,9,3,8,0.099,710000.0
3,2.5,1068,2049,2.0,22,4,12,-0.228,955000.0
6,4.5,3021,11409,1.0,75,5,11,1.34,1376000.0
3,3.0,1448,3829,1.0,51,3,11,-1.836,802000.0
1,1.0,882,5119,2.0,38,2,5,1.273,413000.0
4,4.5,1516,10936,2.0,1,5,10,-0.88,1137000.0
6,4.5,2758,9564,1.0,70,3,6,0.212,1086000.0
6,5.0,2405,8811,1.0,41,4,9,-0.588,1149000.0
2,2.0,1230,7205,2.0,49,1,8,-0.923,667000.0
3,2.5,1465,3619,2.0,75,3,6,1.314,666000.0
4,4.0,2478,18687,2.0,50,3,12,1.856,1245000.0
2,1.5,1795,6938,1.0,83,1,11,-0.221,950000.0
2,1.5,1214,2620,1.0,50,2,9,0.335,763000.0
2,2.0,1219,3213,1.0,30,4,4,0.057,562000.0
6,4.0,2488,18816,1.0,83,1,5,1.731,898000.0
5,3.5,2582,8020,2.0,57,1,6,-2.113,867000.0
6,5.5,2501,14518,1.0,68,1,12,0.377,1229000.0
5,5.0,2124,5342,2.0,20,1,7,-0.727,1037000.0
6,6.5,2894,7992,2.0,60,3,4,-2.356,984000.0
1,0.5,689,4971,3.0,50,3,9,-0.361,533000.0
6,4.0,2589,6375,2.0,9,4,12,1.848,1374000.0
1,1.0,400,649,2.0,22,3,9,-0.656,564000.0
3,2.0,1761,8379,1.0,82,3,7,0.791,743000.0
4,3.0,2482,17641,1.0,51,5,5,1.199,1013000.0
3,2.0,1766,6391,1.0,69,2,11,-0.013,983000.0
1,1.0,1289,3007,3.0,15,4,4,0.12,596000.0
2,2.0,946,7459,2.0,19,1,12,-1.716,723000.0
5,5.0,2321,13691,1.0,84,5,6,-0.716,950000.0
2,2.0,917,6446,1.0,37,2,5,0.907,480000.0
2,1.5,1132,7232,1.0,79,2,7,0.061,598000.0
6,4.5,2832,17101,1.0,72,1,4,0.367,980000.0
1,1.0,881,3524,2.0,30,3,4,0.133,431000.0
6,4.0,2176,7851,1.0,85,2,5,2.192,1000000.0
6,4.5,2205,13583,2.0,69,5,10,-0.431,1166000.0
4,3.0,1486,9152,1.5,11,1,11,1.605,908000.0
1,0.5,997,7656,1.0,8,3,6,0.134,506000.0
1,1.0,1469,7633,1.0,11,5,9,1.694,857000.0
2,2.0,1609,5495,3.0,66,5,7,-1.225,820000.0
4,2.5,1331,6232,2.0,12,4,7,0.185,839000.0
1,1.0,1276,7004,1.0,25,3,7,-0.394,738000.0
3,3.0,1831,7825,1.0,39,5,12,0.139,1100000.0
1,1.0,400,2657,2.0,12,2,8,1.222,549000.0
4,4.0,1809,9588,2.0,29,5,8,0.379,933000.0
1,1.0,1179,1841,2.0,61,3,11,1.22,833000.0
5,5.0,2415,12568,2.0,87,2,9,-0.67,1042000.0
1,0.5,457,2568,2.0,42,2,5,-0.823,339000.0
2,1.5,1383,10302,1.0,67,3,5,0.016,681000.0
2,1.5,559,2342,2.0,47,1,7,-0.039,481000.0
5,4.0,2183,11426,1.0,41,4,4,-0.186,933000.0
1,1.0,1191,5464,1.5,46,2,10,-0.959,639000.0
3,2.0,1556,7711,3.0,86,2,8,1.199,907000.0
4,4.0,1750,3391,3.0,5,1,4,-0.363,715000.0
4,3.0,2167,15889,1.5,46,3,7,1.426,1011000.0
5,3.5,2542,18856,1.5,4,2,11,0.013,1258000.0
5,3.5,2643,13380,2.0,78,1,12,0.648,1187000.0
3,2.5,1812,9273,3.0,54,5,12,0.558,1120000.0
5,4.0,2574,4824,2.0,4,4,12,-0.824,1324000.0
2,1.5,1420,7649,1.0,56,2,9,0.367,743000.0
6,4.5,2680,11496,1.0,39,1,12,1.928,1295000.0
4,4.0,1927,11772,2.0,4,5,12,0.252,1196000.0
5,5.5,2179,3936,2.0,88,4,9,0.901,1090000.0
6,5.0,2236,13686,2.0,34,3,7,0.693,1118000.0
5,4.5,1963,6605,2.0,2,4,12,0.307,1238000.0
6,6.0,2515,14426,1.0,55,1,7,0.186,1062000.0
4,4.5,1972,10997,1.0,33,3,5,0.547,905000.0
1,1.0,1282,3813,2.0,59,1,4,0.763,416000.0
3,3.0,1537,6706,1.0,14,4,9,-1.352,847000.0
2,2.0,1501,10404,2.0,74,5,4,0.247,659000.0
6,6.0,2924,15896,2.0,37,3,5,-0.184,1167000.0
2,1.5,1131,2202,2.0,37,4,6,-0.392,634000.0
2,1.5,1378,6034,1.0,72,4,8,1.296,844000.0
2,1.0,1127,3974,2.0,49,5,8,-0.733,731000.0
4,3.5,2297,13026,1.0,0,1,8,-1.395,952000.0
4,3.5,2091,11489,1.0,52,2,8,0.796,962000.0
6,5.0,2243,3516,1.0,58,2,12,-1.42,1164000.0
3,2.5,1598,8709,1.0,28,4,5,-1.928,666000.0
2,2.0,1694,10632,2.0,16,3,8,0.908,948000.0
1,1.0,796,5171,2.0,4,4,9,0.159,649000.0
1,0.5,984,1853,1.0,76,3,6,0.473,542000.0
3,2.0,1714,5954,2.0,0,5,5,-0.442,819000.0
6,6.0,2289,9701,1.5,52,4,4,-1.384,896000.0
4,4.0,2053,5478,2.0,75,1,6,-1.186,765000.0
6,6.5,2182,9240,2.0,31,5,6,-0.272,1049000.0
1,1.0,662,1299,1.5,18,5,5,-1.272,509000.0
1,1.0,1173,2623,1.0,64,1,6,0.307,524000.0
6,4.5,2707,15827,1.0,56,2,10,-0.462,1140000.0
1,1.0,759,2434,1.5,1,5,11,0.185,844000.0
1,0.5,984,6026,2.0,51,5,8,0.155,681000.0
3,2.5,1532,2777,1.5,0,3,4,0.387,749000.0
6,6.5,2604,13430,1.0,35,3,10,0.499,1317000.0
5,4.0,2447,9897,1.0,27,1,5,-0.344,1013000.0
1,1.0,632,4222,2.0,75,3,4,0.184,430000.0
6,4.5,2612,17228,1.0,87,4,9,0.236,1130000.0
6,4.0,2506,9876,2.0,62,2,7,-2.429,967000.0
5,3.5,1774,9842,2.0,66,2,6,0.647,791000.0
6,4.0,2324,6923,1.0,2,5,12,0.15,1276000.0
2,2.0,1670,8805,1.0,5,3,4,0.564,649000.0
6,5.0,2715,5507,1.0,69,2,4,-1.287,907000.0
2,2.0,803,3473,1.0,38,2,9,-0.316,676000.0
5,4.5,1788,4806,2.0,45,3,7,-1.092,865000.0
4,3.0,1866,13514,2.0,62,2,11,0.745,970000.0
5,3.5,2718,11937,1.0,31,3,4,-1.405,857000.0
4,4.0,1844,9847,1.5,61,5,7,-0.929,983000.0
4,3.0,2292,8807,1.0,65,4,5,0.534,912000.0
4,4.0,2006,6774,1.0,21,2,4,-0.629,748000.0
5,3.5,2391,6740,2.0,61,3,8,-0.928,1022000.0
5,4.5,1849,13733,2.0,15,3,10,0.907,1191000.0
1,1.0,1131,7574,2.0,27,4,5,0.948,641000.0
5,3.5,2150,5087,1.0,70,4,11,0.722,1005000.0
4,3.0,2159,13718,1.5,88,3,8,0.849,1080000.0
2,2.0,956,4035,1.0,5,2,8,-0.232,593000.0
4,3.0,1953,3125,3.0,58,4,12,-0.205,1077000.0
6,5.0,2706,13352,2.0,51,1,6,-0.648,967000.0
6,5.0,2554,5990,2.0,54,4,5,0.168,990000.0
6,4.5,2721,7795,1.0,70,5,11,-0.528,1285000.0
3,3.0,1470,8856,1.5,6,4,4,-0.433,603000.0
5,5.0,2055,6517,2.0,66,3,11,0.6,1125000.0
3,2.5,2032,14828,1.0,25,5,11,1.185,1189000.0
5,5.0,2565,14804,2.0,13,3,12,0.398,1285000.0
4,3.0,1672,11553,1.5,40,3,8,1.794,866000.0
2,1.0,1371,7539,3.0,2,5,9,-0.706,822000.0
2,2.0,977,6983,1.0,56,1,11,-1.838,673000.0
1,1.0,495,1906,2.0,50,4,5,0.715,422000.0
1,0.5,1160,5881,1.0,46,4,6,-0.772,524000.0
3,2.0,1039,5043,1.5,2,3,8,-0.274,751000.0
3,2.5,1828,13481,1.5,68,1,9,-1.77,833000.0
1,1.0,774,1991,1.0,3,4,10,-0.899,653000.0
3,2.0,1487,7818,3.0,23,2,12,-1.502,865000.0
4,3.0,2023,12955,2.0,35,5,8,-0.434,987000.0
2,2.0,1374,5366,3.0,63,4,5,-0.395,584000.0
3,2.5,1302,9295,3.0,36,2,5,0.09,646000.0
3,2.0,1765,6927,2.0,73,3,11,1.24,1048000.0
4,3.0,1934,5080,1.5,84,1,8,0.677,864000.0
3,2.5,1173,6213,2.0,68,3,9,-1.622,654000.0
5,4.0,2199,9310,1.0,3,1,9,0.608,1091000.0
2,2.0,1614,2580,2.0,69,5,11,0.112,938000.0
3,3.0,2053,4011,1.5,18,4,5,-0.098,849000.0
3,3.0,1765,4888,2.0,79,2,5,-0.023,724000.0
2,2.0,843,5480,1.0,88,5,10,0.205,762000.0
5,4.0,2397,17494,1.0,7,1,7,-0.692,998000.0
2,1.5,1455,7343,1.0,8,3,11,-0.182,906000.0
2,2.0,1418,3100,1.0,62,1,5,1.184,716000.0
5,3.5,2485,12360,1.0,12,1,6,-0.704,1009000.0
6,6.0,2709,19129,1.0,87,2,12,-1.03,1301000.0
5,5.0,2228,14196,1.0,48,2,11,-0.062,1152000.0
6,4.0,2417,8199,1.5,51,4,4,-1.131,849000.0
6,5.0,2031,4682,1.0,77,5,11,-1.723,1146000.0
3,2.0,1652,12150,2.0,19,4,4,-0.344,709000.0
5,3.5,2306,16261,1.0,50,4,5,1.449,944000.0
2,1.5,1367,2528,1.5,89,3,12,-0.039,848000.0
3,2.0,1149,7875,1.0,1,2,5,0.179,583000.0
4,4.0,2094,4464,1.5,15,2,6,-2.13,891000.0
6,6.5,3216,6147,1.5,13,5,5,0.438,1296000.0
6,6.0,2624,16875,2.0,30,3,9,0.093,1237000.0
3,2.0,1532,7639,1.0,11,3,4,-0.665,651000.0
4,3.0,1993,8360,1.5,15,1,6,0.18,818000.0
2,1.5,1810,13349,1.0,76,3,6,0.17,640000.0
5,3.5,1943,13514,1.5,41,4,9,-1.059,921000.0
4,4.5,1961,3676,1.0,32,3,8,0.332,952000.0
4,3.0,1660,9138,2.0,37,4,5,1.197,770000.0
5,3.5,2086,13600,1.0,87,5,8,-0.228,992000.0
4,4.0,1885,9572,2.0,44,1,8,-0.868,910000.0
1,1.0,1254,9893,1.0,42,5,7,-0.178,687000.0
2,1.0,1740,10369,1.0,83,5,8,0.855,905000.0
2,1.5,1334,2904,1.0,3,3,6,-1.226,619000.0
5,4.5,2137,5960,1.0,43,4,7,0.579,1007000.0
1,1.0,1598,10979,1.5,67,1,11,-0.678,806000.0
2,1.5,1072,8553,2.0,46,2,6,0.242,637000.0
4,4.0,1729,3699,2.0,78,1,6,-0.564,741000.0
5,5.0,1718,3697,1.0,79,4,5,-0.567,796000.0
4,4.0,2319,14985,1.0,30,5,10,1.523,1138000.0
6,4.5,2890,5544,2.0,73,4,10,-1.409,1176000.0
6,4.0,3325,6469,1.0,21,4,10,0.485,1449000.0
1,1.0,433,3151,1.0,21,1,5,1.731,339000.0
6,4.5,3037,20357,2.0,87,5,8,0.686,1307000.0
4,3.5,1921,13889,1.0,1,1,6,-1.331,839000.0
4,4.0,2142,12270,1.0,31,3,10,-1.282,1015000.0
1,0.5,400,1439,1.0,56,4,7,-0.752,409000.0
4,4.0,2340,17295,2.0,37,5,7,0.158,1137000.0
5,5.5,2486,8556,1.0,76,5,8,0.226,1197000.0
4,4.0,1888,6213,2.0,22,3,10,-1.272,995000.0
1,1.0,1044,7581,1.0,49,3,10,-0.873,707000.0
4,4.0,1670,9895,1.0,11,3,11,-0.811,991000.0
6,5.0,2426,17763,1.0,19,3,7,-0.181,1091000.0
5,5.0,2111,5306,2.0,15,4,11,1.985,1217000.0
1,1.0,400,3076,1.0,66,4,11,-0.933,602000.0
6,6.0,2859,15675,2.0,18,3,8,-0.977,1298000.0
6,4.5,2957,17275,1.0,60,3,10,-1.133,1234000.0
2,1.5,990,7367,1.0,31,1,12,0.636,768000.0
5,3.5,2354,9357,1.0,50,1,11,-0.041,1050000.0
3,2.5,1470,9081,1.5,78,3,6,-0.896,671000.0
4,3.5,1998,11313,1.5,77,2,10,-0.363,937000.0
3,2.5,1362,9017,2.0,1,4,8,-0.792,826000.0
5,4.0,1985,14550,2.0,70,5,5,0.296,809000.0
6,6.0,2916,17264,2.0,86,4,7,2.684,1289000.0
5,5.5,2231,4327,1.5,60,5,12,0.551,1213000.0
6,4.5,3207,8628,1.5,16,3,12,-0.093,1438000.0
6,6.0,2614,20130,2.0,59,5,11,-0.665,1285000.0
1,1.0,572,4459,1.0,57,5,12,-1.343,776000.0
2,1.5,1568,12212,2.0,59,1,9,0.734,805000.0
5,3.5,2439,4242,2.0,38,4,10,0.679,1266000.0
4,4.0,2118,8442,1.0,47,3,5,-0.466,877000.0
1,1.0,1207,7771,2.0,58,5,6,1.213,733000.0
1,1.0,654,4182,2.0,41,3,5,0.021,441000.0
4,4.0,1862,3833,1.0,69,1,12,0.775,1068000.0
4,4.5,1849,10099,2.0,63,2,9,0.296,1012000.0
2,1.5,813,1974,1.0,27,1,12,-0.177,795000.0
2,2.0,1121,5275,1.0,54,2,7,-0.955,629000.0
1,1.0,1251,3826,1.0,68,1,7,-0.146,572000.0
4,4.5,1971,3638,1.5,44,4,10,0.842,1085000.0
1,0.5,446,901,1.0,64,3,9,-0.508,567000.0
4,3.0,1433,10634,2.0,11,4,7,0.44,904000.0
3,3.0,2049,12991,1.0,34,5,6,-1.083,849000.0
3,2.0,1523,11509,1.0,63,4,8,0.78,796000.0
5,5.0,2056,9365,2.0,80,3,4,0.313,789000.0
4,3.0,1818,7611,1.0,58,2,5,-1.202,748000.0
5,5.5,1807,6920,2.0,59,4,4,-0.224,769000.0
5,5.0,2677,14740,1.0,30,3,5,0.931,1104000.0
6,4.5,2482,9395,3.0,63,4,5,-1.259,971000.0
5,5.0,2660,16893,2.0,32,1,4,-1.071,898000.0
4,3.0,1915,12847,1.0,4,1,4,-0.069,828000.0
3,2.5,1979,14235,1.0,22,1,11,2.133,1011000.0
2,2.0,1277,3931,1.0,55,4,5,-0.673,680000.0
4,4.0,2156,10620,3.0,86,3,8,0.495,989000.0
1,0.5,1066,3147,2.0,44,2,4,0.26,375000.0
6,4.5,2787,4861,1.0,77,2,12,-0.59,1327000.0
6,5.5,2704,16497,1.0,70,4,6,0.161,1143000.0
1,1.0,780,3953,2.0,50,5,10,-0.448,675000.0
5,4.0,2825,17531,1.0,72,5,9,-0.358,1155000.0
1,0.5,578,1196,2.0,36,3,10,-1.661,504000.0
5,4.0,2251,17943,2.0,39,4,9,-0.024,1206000.0
1,1.0,854,6801,1.0,66,1,8,0.899,536000.0
3,2.0,1671,7557,1.5,57,5,10,0.057,885000.0
4,3.0,1771,12626,1.0,47,1,11,1.091,1015000.0
5,5.5,2344,7227,1.0,38,2,7,0.58,974000.0
3,2.0,1499,9435,3.0,87,4,12,-0.06,892000.0
6,6.0,2125,15332,2.0,5,5,12,-0.628,1329000.0
5,3.5,2253,15310,2.0,4,1,10,-0.486,1103000.0
2,2.0,870,5896,1.5,43,4,12,-1.471,770000.0
5,5.0,1730,7802,1.0,3,1,4,-0.267,773000.0
5,5.0,2291,15647,2.0,30,1,8,0.146,1023000.0
3,2.0,1696,10158,1.5,51,3,9,1.715,921000.0
5,4.5,2408,5685,1.0,36,3,12,0.528,1221000.0
6,6.0,2770,6211,1.0,18,2,5,-0.865,1029000.0
5,3.5,1670,10884,2.0,25,5,11,-1.439,1002000.0
5,3.5,1842,10252,2.0,54,4,4,-0.207,743000.0
4,2.5,2492,12151,1.0,85,3,7,0.812,1026000.0
2,2.0,886,6554,2.0,70,3,10,-0.221,739000.0
5,5.0,2433,14081,1.0,49,3,6,0.542,985000.0
3,3.0,1344,5477,1.0,12,1,11,-0.181,837000.0
4,4.0,1924,8063,1.0,21,4,12,0.717,1162000.0
2,1.5,1010,5488,2.0,39,4,5,-1.597,621000.0
2,1.5,1368,8812,1.0,22,3,6,1.604,686000.0
1,1.0,891,4605,1.5,61,3,4,-1.112,401000.0
6,5.5,2466,11854,1.0,32,5,10,0.794,1283000.0
1,0.5,535,3330,2.0,75,4,11,-0.272,628000.0
1,1.0,930,5658,2.0,24,2,9,-0.116,640000.0
6,6.0,2236,15422,1.0,44,1,5,-0.241,976000.0
4,3.0,2028,3867,2.0,64,5,5,0.256,872000.0
3,2.5,2338,14980,1.0,18,4,4,0.458,924000.0
5,3.5,2655,12849,1.0,68,4,8,1.058,1160000.0
3,3.5,1766,3506,1.5,52,2,10,1.408,1022000.0
1,1.0,824,4873,2.0,58,1,5,0.332,512000.0
5,5.5,1668,10271,1.0,40,3,11,1.714,1179000.0
2,1.5,803,3938,1.5,84,4,6,0.093,634000.0
4,2.5,2285,15217,1.0,69,2,8,1.077,1034000.0
6,4.0,2363,8156,1.5,17,3,10,0.429,1151000.0
6,4.0,2390,6722,2.0,50,5,8,-0.549,1125000.0
3,2.0,1500,5670,3.0,81,2,8,0.181,779000.0
5,3.0,1931,8043,1.5,25,2,7,0.503,994000.0
4,4.5,1532,9228,2.0,48,2,7,-0.032,770000.0
3,2.0,1535,10739,1.5,67,5,6,0.413,782000.0
1,0.5,583,3606,1.0,24,3,6,0.865,473000.0
3,3.0,1328,3494,1.0,46,5,10,-0.023,923000.0
4,3.5,1666,6465,3.0,49,5,11,-2.944,937000.0
6,6.0,2757,6974,1.0,15,3,11,1.678,1414000.0
1,1.0,780,4652,2.0,15,1,6,-0.298,428000.0
5,5.0,2196,6836,1.0,50,2,6,-0.823,946000.0
6,5.5,2779,13659,2.0,16,3,4,-1.124,1032000.0
6,5.0,2557,16996,1.0,85,2,6,-0.336,994000.0
3,3.0,1467,8598,3.0,47,1,9,-0.563,883000.0
1,1.0,991,3408,2.0,63,5,6,-0.737,541000.0
2,1.5,1400,5129,1.0,35,2,10,-0.682,812000.0
6,5.0,2556,14689,2.0,26,4,4,0.53,1030000.0
6,4.0,2624,13308,2.0,43,5,7,2.03,1192000.0
4,4.0,1665,3541,1.0,63,3,6,0.821,918000.0
1,0.5,592,4251,1.0,35,4,8,1.123,606000.0
1,0.5,1081,5223,2.0,25,1,4,-0.377,425000.0
3,2.0,1683,7703,2.0,12,4,7,0.105,931000.0
4,4.0,2037,5683,1.0,48,5,11,0.426,1125000.0
1,1.0,934,3690,2.0,61,5,11,-0.66,678000.0
5,4.5,2264,8294,1.0,47,1,6,-0.426,875000.0
4,4.0,2109,6875,1.0,22,2,7,0.855,915000.0
1,0.5,1131,5868,1.5,22,1,10,1.09,667000.0
1,1.0,1123,5059,1.0,33,5,8,0.067,702000.0
3,2.5,1520,11065,1.0,31,2,8,-1.195,767000.0
5,3.5,2666,20312,1.5,18,3,7,-0.296,1138000.0
5,4.5,2319,6787,1.0,84,3,11,-1.441,1123000.0
3,3.0,1740,3742,1.0,29,4,9,0.075,971000.0
2,1.5,1285,8487,2.0,22,5,12,0.255,914000.0
6,5.5,2674,21303,1.5,54,2,11,-0.271,1297000.0
3,2.0,1329,9454,2.0,72,4,7,0.242,786000.0
2,2.0,1410,2332,1.5,41,2,6,0.417,695000.0
3,2.5,2404,7532,1.5,60,1,4,0.257,811000.0
1,1.0,738,1315,1.0,8,1,9,-1.202,523000.0
2,2.0,1221,8346,2.0,47,2,10,-0.253,823000.0
4,2.5,1766,9323,1.0,5,3,7,0.41,965000.0
6,5.5,2454,11875,1.0,12,4,4,1.579,1073000.0
5,4.5,2713,13847,2.0,53,5,11,-0.272,1258000.0
5,4.5,2048,6433,2.0,18,3,6,0.551,949000.0
4,2.5,1758,9512,2.0,3,3,9,0.878,960000.0
1,1.0,400,680,1.0,16,1,4,-0.197,315000.0
3,2.5,1323,7540,1.0,69,5,4,1.148,692000.0
6,4.0,2087,13093,1.5,52,2,12,1.202,1190000.0
1,0.5,1040,6110,2.0,34,4,10,1.38,833000.0
6,5.0,3440,12586,1.5,87,4,4,0.458,1169000.0
5,5.0,2140,14703,1.0,34,5,4,2.36,955000.0
2,1.5,700,4306,1.0,78,5,8,-0.615,570000.0
5,5.0,2520,5882,1.5,31,4,10,2.124,1258000.0
6,5.0,2382,6594,2.0,2,4,7,0.768,1124000.0
1,1.0,1240,6995,1.0,9,1,11,1.34,924000.0
1,1.0,765,2587,1.0,24,1,9,-0.32,686000.0
4,3.5,1710,3892,1.0,16,3,9,0.844,1016000.0
6,5.5,2547,6386,1.0,14,4,6,1.427,1154000.0
1,1.0,1077,2775,1.5,34,4,10,-1.087,670000.0
4,3.5,1832,8438,1.0,87,2,11,-0.163,982000.0
1,1.0,701,3819,2.0,18,3,4,-2.141,341000.0
4,3.5,1840,4870,2.0,21,5,10,-0.178,1124000.0
4,4.0,1518,9307,3.0,89,1,11,-0.816,806000.0
1,0.5,969,3223,2.0,18,2,7,-0.218,594000.0
5,4.5,1714,6042,1.0,74,5,10,2.924,1068000.0
6,5.0,2467,7284,1.0,55,1,7,1.718,1071000.0
6,6.5,2828,18676,1.0,83,2,5,-1.439,1042000.0
1,1.0,941,7282,2.0,50,3,11,0.556,807000.0
2,1.5,1377,6474,1.0,53,4,6,0.799,698000.0
2,2.0,1180,2092,1.0,20,2,10,-0.338,819000.0
3,2.5,1901,6071,1.0,51,4,6,0.178,801000.0
1,0.5,1127,2848,1.0,60,2,7,0.276,598000.0
6,4.5,2734,19078,2.0,88,2,10,-1.347,1186000.0
5,3.0,2528,5186,2.0,8,3,7,-1.031,1036000.0
5,3.0,2475,19261,1.5,14,1,11,0.172,1145000.0
2,1.5,1068,5687,2.0,1,4,4,0.099,569000.0
1,1.0,447,2175,1.0,71,4,4,-0.709,383000.0
6,6.0,2726,19103,1.0,7,5,4,-0.794,1037000.0
2,1.0,1364,2290,1.0,82,2,6,-0.09,548000.0
4,3.5,2227,14590,2.0,32,2,4,0.886,887000.0
6,4.0,2319,5236,1.5,25,5,7,-0.076,1048000.0
1,1.0,578,4026,1.0,87,1,4,1.623,296000.0
1,0.5,988,4880,3.0,64,3,10,-0.696,727000.0
1,1.0,829,1573,1.0,49,3,5,0.193,434000.0
1,1.0,400,2766,1.0,80,3,12,-0.354,621000.0
1,1.0,963,1615,2.0,67,3,11,0.588,720000.0
5,4.0,1694,4065,2.0,57,4,10,-0.782,960000.0
4,4.0,1616,10804,2.0,28,1,11,1.927,997000.0
6,4.5,3006,13592,3.0,88,5,10,-1.691,1276000.0
5,5.5,2797,20220,1.0,64,5,11,1.715,1386000.0
6,5.0,2235,12584,2.0,85,1,8,0.09,1034000.0
2,2.0,1101,6114,2.0,86,5,9,0.552,731000.0
2,2.0,1213,4124,1.5,49,2,8,1.335,833000.0
6,6.5,3134,7424,1.0,32,1,9,0.858,1238000.0
2,1.5,1052,8150,3.0,85,2,7,-0.73,488000.0
1,0.5,707,1542,1.0,89,4,5,0.6,521000.0
5,3.5,2715,13408,1.0,10,5,12,1.867,1424000.0
5,3.5,2138,6995,2.0,57,4,10,-0.887,1068000.0
6,5.5,2817,9062,2.0,54,5,10,2.118,1391000.0
6,6.5,2157,11572,3.0,67,2,6,0.386,1001000.0
1,1.0,799,5343,2.0,87,5,10,-0.433,680000.0
5,4.5,1752,11479,1.0,22,4,8,-0.893,907000.0
6,5.5,2283,16317,2.0,87,1,4,-0.223,881000.0
5,5.0,2502,8516,1.0,57,1,12,-1.955,1185000.0
5,5.5,2235,10119,2.0,7,2,12,-0.415,1288000.0
6,4.0,2504,3908,1.0,45,1,11,-0.263,1241000.0
3,2.5,1325,8420,2.0,12,2,8,-1.074,764000.0
1,1.0,784,2717,1.5,86,5,6,0.748,483000.0
3,2.5,1640,8446,2.0,68,2,4,-0.219,710000.0
2,1.5,1495,3888,1.0,81,4,10,-0.636,770000.0
1,1.0,400,2730,1.0,54,5,12,-0.325,709000.0
1,1.0,600,4087,1.0,35,2,4,0.355,383000.0
5,5.5,2298,16554,1.0,38,4,10,0.073,1169000.0
4,4.0,1870,3363,2.0,85,3,4,-0.701,750000.0
4,3.0,2021,16069,1.0,13,2,10,0.126,1050000.0
5,4.0,2330,7248,1.5,79,5,4,-0.051,914000.0
4,3.5,1809,6352,1.0,37,4,12,-1.139,1025000.0
4,3.5,1742,5436,1.0,53,3,5,-0.289,750000.0
1,1.0,776,2513,2.0,60,5,7,0.579,560000.0
6,5.5,2945,14997,1.0,7,5,10,0.572,1389000.0
3,2.5,1330,4068,1.0,13,4,11,-0.23,926000.0
1,1.0,831,3373,1.0,14,5,7,0.677,734000.0
5,4.0,2305,13280,1.0,70,2,12,-0.98,1118000.0
5,4.0,2718,18847,2.0,6,2,4,-0.949,863000.0
1,0.5,760,4562,1.0,54,2,8,-0.251,603000.0
2,1.5,1488,7980,1.0,9,4,12,1.498,1046000.0
1,1.0,1220,3001,2.0,69,5,6,0.163,622000.0
2,1.5,1181,8036,1.5,87,4,8,-0.275,658000.0
1,0.5,787,1371,1.5,37,3,8,1.544,591000.0
5,5.0,2151,6920,1.0,19,4,7,-0.287,1112000.0
4,3.5,1823,3411,2.0,40,1,10,2.235,1024000.0
6,3.5,2856,16674,1.0,62,2,8,-0.511,1030000.0
5,4.0,2319,9031,1.0,65,4,10,-1.012,1108000.0
4,3.0,1971,11310,2.0,57,1,8,-0.166,932000.0
4,3.5,1562,5866,2.0,52,5,12,-0.249,1050000.0
1,0.5,560,2499,2.0,56,1,8,-0.808,418000.0
1,0.5,1493,6684,2.0,19,4,11,2.602,928000.0
4,2.5,1847,3318,1.0,18,4,9,0.319,942000.0
1,1.0,618,2655,2.0,83,5,11,0.464,766000.0
1,0.5,1279,7248,2.0,52,4,11,-0.462,804000.0
2,2.0,1285,6488,1.0,77,3,6,-0.578,536000.0
6,4.0,2773,5516,1.0,56,4,6,1.026,1125000.0
3,2.5,1509,8816,1.0,40,2,6,-1.676,671000.0
5,4.0,2154,7555,2.0,51,3,8,-1.143,946000.0
3,2.5,1499,2389,1.0,62,5,8,-0.247,776000.0
2,1.5,785,1971,1.0,16,1,4,1.351,436000.0
3,3.0,1524,7215,2.0,41,2,12,-0.375,1006000.0
1,1.0,939,3303,2.0,65,1,11,0.416,711000.0
5,3.0,2805,16868,1.0,7,3,9,0.028,1220000.0
2,1.5,1226,3757,2.0,6,4,6,1.296,736000.0
3,3.0,850,5545,1.5,14,1,11,-1.585,757000.0
6,5.0,2572,8647,2.0,53,3,6,0.736,1046000.0
4,2.5,2722,15068,1.0,21,3,6,-0.199,1007000.0
3,2.0,1810,12118,1.0,39,4,12,0.925,1128000.0
4,3.5,1657,6638,2.0,12,2,12,-0.819,1086000.0
5,5.0,2427,4379,1.0,22,1,9,0.024,1053000.0
2,2.0,977,4866,1.5,1,1,5,-0.103,539000.0
4,4.5,1494,11907,1.0,72,3,5,-1.002,734000.0
6,5.0,2495,19457,2.0,41,3,12,-1.28,1332000.0
4,3.0,1927,5659,2.0,15,5,6,-0.58,970000.0
3,2.5,988,6335,2.0,47,3,10,0.13,746000.0
1,1.0,505,1890,3.0,83,1,7,-0.757,454000.0
2,1.5,1203,3058,2.0,74,4,8,-0.33,692000.0
6,3.5,2478,14443,1.0,79,1,12,-1.886,1158000.0
4,3.0,2018,9597,1.0,36,2,9,-0.371,994000.0
2,2.0,836,4184,2.0,32,4,7,1.024,607000.0
3,2.0,1764,12133,2.0,28,2,7,0.705,854000.0
4,3.5,1545,5697,3.0,27,3,6,-0.087,832000.0
4,3.5,2393,13966,2.0,82,3,9,0.244,1049000.0
5,4.5,1735,6732,1.0,12,5,9,-0.828,1004000.0
2,2.0,872,1550,2.0,76,2,4,1.624,418000.0
4,4.0,2025,8013,2.0,82,5,7,2.068,1027000.0
3,3.0,2049,15727,2.0,75,4,9,0.165,988000.0
6,4.0,2695,12508,2.0,56,4,4,2.591,1021000.0
1,1.0,1019,2245,1.5,77,1,12,-0.68,698000.0
1,1.0,855,5105,2.0,2,1,11,-1.251,697000.0
3,2.0,1242,9640,1.0,73,4,9,-0.71,730000.0
4,2.5,1753,12975,2.0,45,3,4,-0.219,709000.0
5,3.5,1886,9841,1.0,86,2,8,2.312,873000.0
3,2.5,1166,4601,1.0,7,5,12,-0.281,1022000.0
6,5.0,2721,14352,1.0,83,2,4,-0.86,927000.0
3,2.0,1213,8253,1.5,51,3,11,-0.898,773000.0
1,1.0,946,6715,1.0,9,4,11,1.14,725000.0
1,1.0,459,3132,3.0,45,5,4,0.997,481000.0
6,4.0,2689,11995,1.5,3,5,6,-0.485,1142000.0
1,1.0,703,1598,2.0,7,4,10,-1.876,662000.0
6,3.5,3022,15713,1.0,47,1,12,-1.129,1316000.0
2,2.0,1297,3264,1.0,73,1,10,1.721,843000.0
1,1.0,1221,2315,2.0,9,4,8,0.689,766000.0
2,1.0,973,4613,2.0,23,3,9,0.065,696000.0
4,4.0,1917,11042,1.5,35,1,8,1.869,953000.0
3,3.5,1256,8857,2.0,48,4,9,1.958,917000.0
5,5.5,2126,14007,2.0,0,5,10,-0.036,1264000.0
4,4.5,1821,12878,1.5,57,1,4,-0.018,724000.0
3,2.5,1332,8579,3.0,44,5,5,-0.582,743000.0
4,2.5,1535,9319,2.0,86,2,4,-0.285,619000.0
6,6.0,2176,3407,2.0,27,2,11,-1.486,1159000.0
3,2.5,848,4723,1.0,44,4,10,-1.49,833000.0
1,1.0,533,1217,1.0,7,2,4,-1.723,416000.0
3,2.5,1738,3270,1.0,82,1,4,1.084,730000.0
6,5.5,2120,5335,2.0,75,5,6,-1.561,898000.0
2,1.5,790,5413,2.0,31,2,6,1.95,690000.0
6,6.0,3137,19873,1.0,41,1,8,-0.73,1220000.0
4,2.5,1709,13103,2.0,77,4,8,1.737,900000.0
4,4.0,1996,15695,1.0,26,2,7,-0.365,815000.0
2,2.0,1393,10178,1.0,21,4,5,-1.566,651000.0
6,5.0,2799,6617,2.0,21,1,9,1.284,1190000.0
1,1.0,400,2884,1.0,63,3,11,1.402,676000.0
2,1.5,1131,7862,1.0,18,3,9,-0.906,678000.0
3,3.5,1065,7628,1.5,7,5,11,-0.332,1006000.0
3,3.0,2284,5678,1.0,14,3,12,-0.906,1169000.0
3,2.5,1072,2422,2.0,88,5,11,-0.121,935000.0
1,0.5,536,4023,3.0,78,2,9,0.108,476000.0
2,1.5,888,2335,1.5,85,3,4,-0.351,502000.0
1,1.0,401,1562,1.5,24,5,7,-1.819,395000.0
4,4.5,2306,10294,1.0,39,1,7,-0.581,958000.0
3,3.0,2277,5257,1.5,44,5,10,0.704,1095000.0
4,3.0,1757,2871,1.0,47,4,11,-0.209,995000.0
4,4.0,1504,11974,1.0,2,4,9,-0.327,926000.0
5,4.0,1579,11366,2.0,53,2,7,-0.931,752000.0
4,4.0,1827,13575,1.0,3,5,11,-0.61,1052000.0
4,3.0,1805,6046,1.5,24,5,10,1.409,1056000.0
4,3.5,1705,4997,1.0,26,2,11,-1.14,974000.0
4,4.5,1966,8391,2.0,60,3,9,0.721,1068000.0
4,3.0,2019,8978,1.0,80,1,9,0.047,925000.0
2,2.0,1297,1993,1.0,62,2,7,0.245,722000.0
2,2.0,1105,7254,2.0,39,1,7,-0.732,537000.0
5,3.5,1920,15318,1.5,47,3,6,-0.352,838000.0
3,2.0,1750,8639,2.0,46,3,6,-0.006,799000.0
4,3.5,1904,7661,1.0,13,3,9,-0.521,998000.0
2,1.5,1467,5946,2.0,86,4,7,0.331,677000.0
3,2.0,1787,3796,3.0,82,5,5,0.457,796000.0
4,3.5,1473,4758,1.5,21,1,4,2.173,700000.0
4,4.0,1470,7003,2.0,10,2,11,0.278,955000.0
4,3.0,1673,7206,1.0,14,2,7,-1.912,801000.0
3,2.5,1233,6218,2.0,56,5,9,1.163,856000.0
6,6.0,2827,19843,2.0,2,1,12,-0.204,1346000.0
4,3.5,2005,5943,2.0,9,1,5,2.012,857000.0
5,5.0,2580,4334,2.0,58,1,12,1.471,1223000.0
5,4.0,2369,4142,1.5,13,4,10,-0.505,1145000.0
4,4.5,1963,4656,1.5,6,3,9,0.722,1111000.0
6,5.5,2960,15416,1.0,1,5,7,-0.594,1263000.0
1,0.5,991,6692,2.0,63,2,10,0.003,713000.0
6,6.5,2620,19032,2.0,32,2,5,0.676,1101000.0
6,5.0,3044,17132,2.0,25,3,6,1.113,1180000.0
4,2.5,1935,7973,1.0,57,1,12,0.895,973000.0
5,3.5,2159,5407,1.5,15,5,6,0.075,941000.0
4,4.0,1649,6776,2.0,46,5,10,2.483,1051000.0
2,1.0,1411,5165,2.0,43,1,12,-0.365,815000.0
5,3.5,2621,18754,1.0,60,5,9,-1.607,1161000.0
2,1.5,1185,5526,1.0,56,3,6,-1.415,615000.0
2,1.5,1592,4729,1.0,60,2,11,1.474,1018000.0
4,3.0,1309,4421,1.0,19,5,11,-0.077,937000.0
6,5.0,2583,6166,3.0,12,3,8,0.159,1239000.0
3,2.0,1538,11490,1.0,48,2,5,-0.543,718000.0
3,2.0,1332,2434,1.5,5,5,7,-0.453,769000.0
1,1.0,1565,2478,1.0,40,4,7,-0.787,739000.0
1,1.0,830,2232,1.0,56,1,5,0.471,502000.0
1,1.0,728,4929,3.0,73,4,7,-0.097,532000.0
1,0.5,858,4206,1.5,58,4,5,0.435,492000.0
6,3.5,1999,11130,1.0,89,2,10,0.339,978000.0
6,4.5,2372,9074,1.0,50,3,7,-0.426,914000.0
5,4.0,2545,4954,3.0,40,5,10,-1.459,1171000.0
1,1.0,661,4670,3.0,22,1,8,-1.546,470000.0
1,1.0,601,1651,1.0,60,4,10,3.027,683000.0
2,1.5,1593,2732,2.0,72,5,10,1.478,946000.0
4,3.5,2302,12022,1.0,28,5,5,1.34,926000.0
3,2.5,1705,3481,1.5,6,2,7,-0.675,839000.0
3,2.0,1413,2999,1.0,0,2,10,0.01,897000.0
2,1.5,1128,7560,2.0,56,5,9,-0.815,720000.0
5,4.0,2009,9433,2.0,59,3,5,-1.312,802000.0
2,1.5,902,2769,1.0,10,3,11,-0.589,722000.0
1,0.5,537,2022,1.5,2,3,5,1.326,520000.0
5,5.0,2065,12886,1.0,58,3,12,0.841,1198000.0
6,6.5,2290,4423,1.0,35,4,10,-0.97,1199000.0
1,0.5,400,903,1.0,37,3,6,-0.315,439000.0
3,2.5,1616,8897,1.0,23,2,5,0.749,706000.0
5,5.0,2320,12633,3.0,64,3,12,-0.571,1127000.0
5,3.5,2760,21586,1.0,67,4,8,0.08,1175000.0
6,6.0,2399,9439,2.0,4,5,11,0.402,1361000.0
3,2.5,1639,3152,1.0,8,3,11,0.391,975000.0
3,3.0,1644,8210,1.5,49,4,4,0.254,733000.0
5,5.5,2174,12281,1.5,54,3,10,-0.654,1160000.0
1,0.5,1073,2583,2.0,13,4,7,-0.551,684000.0
2,1.5,1433,7299,1.0,14,2,12,-1.134,865000.0
4,3.5,1998,5565,1.0,61,3,5,-1.561,700000.0
5,3.5,2173,15191,2.0,40,1,4,-0.115,744000.0
1,1.0,743,5148,2.0,10,2,9,0.816,648000.0
4,4.5,1490,6396,2.0,54,4,8,-1.38,903000.0
3,2.0,1308,10181,1.0,6,1,8,0.273,727000.0
4,3.5,1713,13479,1.0,20,2,6,0.785,812000.0
6,6.0,2263,5296,2.0,64,4,8,-1.837,1010000.0
1,1.0,982,3820,2.0,20,5,12,-0.271,825000.0
6,5.0,2959,15985,2.0,5,3,10,1.646,1382000.0
3,3.5,1278,2622,1.0,86,3,12,0.552,865000.0
5,4.0,2335,9310,1.0,20,3,6,-1.87,981000.0
3,2.0,1240,3965,2.0,46,4,11,0.658,891000.0
2,1.5,1109,8526,2.0,74,3,7,-0.748,712000.0
5,5.5,2043,8530,1.0,89,1,12,0.691,1069000.0
5,3.5,2431,15698,2.0,72,3,11,-0.69,1203000.0
1,1.0,646,2593,1.5,30,2,5,-0.053,498000.0
5,3.0,2553,6017,1.0,76,4,12,-0.538,1182000.0
5,4.0,2176,15472,1.0,1,1,9,0.003,1038000.0
3,3.0,1355,2036,2.0,29,4,10,-0.567,842000.0
6,5.0,2224,4145,1.0,17,1,9,-0.224,1034000.0
4,4.5,1976,7644,1.5,47,5,5,-1.176,852000.0
3,2.0,1819,10850,2.0,80,4,12,0.491,1028000.0
1,1.0,932,3468,1.0,69,1,5,0.175,376000.0
5,5.0,2922,5642,2.0,89,5,11,-1.617,1367000.0
2,1.5,1629,5809,1.0,12,3,5,0.993,724000.0
5,3.5,2158,6673,1.0,67,4,11,-0.176,1112000.0
4,4.0,1805,2771,2.0,65,1,7,0.162,797000.0
3,2.5,1691,8415,2.0,41,1,6,0.765,743000.0
1,1.0,599,1353,1.0,8,5,6,0.328,540000.0
5,5.5,2600,8759,2.0,9,3,6,1.165,1125000.0
1,0.5,958,5430,2.0,82,4,12,-0.293,756000.0
3,2.5,1627,10109,2.0,26,5,10,1.034,1040000.0
6,3.5,2806,9014,2.0,57,3,10,0.123,1227000.0
6,5.0,3117,11345,1.0,85,2,9,0.508,1279000.0
6,4.0,2651,8231,1.0,44,5,7,0.404,1136000.0
6,5.5,2566,19809,1.5,18,1,12,1.241,1342000.0
4,3.0,2353,6443,1.0,43,3,6,0.721,943000.0
2,2.0,1490,4009,2.0,20,5,12,-0.443,1033000.0
6,4.5,2504,10999,1.0,16,2,7,-0.641,1068000.0
5,4.0,2252,6149,1.0,72,2,7,-0.05,933000.0
6,4.5,2659,6697,1.0,31,3,8,-0.76,1118000.0
4,4.0,2009,4266,1.0,61,1,10,-1.052,951000.0
1,1.0,443,2508,1.0,65,1,10,-2.128,481000.0
4,3.0,1437,7873,2.0,49,2,10,-1.549,826000.0
3,3.0,1284,7352,1.5,48,5,4,1.985,686000.0
6,5.5,2311,15083,1.0,16,2,5,-0.657,994000.0
3,2.0,1357,4914,1.0,47,4,11,1.903,996000.0
2,2.0,1390,10383,2.0,67,3,12,0.403,994000.0
1,1.0,799,5006,1.0,17,4,5,-0.05,494000.0
6,3.5,2659,17897,1.5,20,2,12,-1.501,1266000.0
5,4.0,1883,11649,1.5,62,5,6,0.005,811000.0
1,0.5,712,2727,1.5,88,2,12,1.892,761000.0
3,2.0,1726,5764,2.0,35,4,12,1.558,1012000.0
3,3.0,1728,7338,2.0,74,5,9,0.274,886000.0
3,2.0,1333,2840,3.0,16,3,5,-1.149,644000.0
6,6.0,2648,11739,2.0,51,4,11,-0.957,1253000.0
1,1.0,1510,2688,1.0,84,1,4,-0.853,450000.0
2,2.0,1195,1823,1.0,39,3,7,1.278,697000.0
2,2.0,992,7494,1.0,45,2,9,1.632,778000.0
2,2.0,1148,6866,1.0,13,5,4,0.196,581000.0
6,6.5,2628,13539,1.5,47,5,7,-0.303,1171000.0
6,4.5,2555,9497,1.0,52,4,11,1.549,1279000.0
1,0.5,841,4380,1.0,88,5,4,-0.979,442000.0
4,3.5,1467,10702,1.0,18,5,7,0.052,904000.0
2,1.5,911,5230,2.0,32,4,4,0.463,448000.0
2,1.5,1155,6256,2.0,58,3,9,-0.863,747000.0
2,2.0,1150,5165,3.0,84,2,4,-0.636,446000.0
2,1.0,1030,3859,1.0,21,5,6,-0.714,628000.0
3,3.0,1497,9043,1.0,62,1,8,1.417,765000.0
6,4.5,2618,20620,3.0,79,1,5,1.914,1020000.0
4,2.5,2167,9233,2.0,56,5,6,0.115,1029000.0
5,3.5,2220,8990,1.5,38,1,11,-0.268,1093000.0
3,2.0,1670,7152,1.5,21,1,10,-0.6,853000.0
1,0.5,688,2935,1.0,25,3,4,0.002,408000.0
1,0.5,1022,8114,2.0,4,3,11,-0.55,708000.0
2,1.5,1313,8001,2.0,13,1,8,-0.097,783000.0
2,1.5,1460,5599,1.5,39,2,5,0.413,653000.0
6,4.5,2814,11016,1.5,12,2,12,-0.405,1282000.0
6,5.0,2777,11942,1.0,0,2,7,-0.19,1106000.0
6,4.5,2570,4468,1.0,62,1,6,-0.185,976000.0
4,3.0,1973,9728,2.0,6,4,5,-0.318,900000.0
4,2.5,2219,15031,1.5,12,3,11,-0.441,1060000.0
4,2.5,1704,9872,1.0,53,5,6,0.762,890000.0
3,2.0,1361,3797,1.0,82,1,9,-1.771,673000.0
5,5.0,2304,14359,2.0,65,4,6,1.574,994000.0
5,5.5,2375,14669,1.0,2,5,12,0.136,1316000.0
5,5.5,2003,6423,1.0,15,3,11,0.61,1255000.0
4,3.5,1878,10420,2.0,66,4,8,0.725,886000.0
1,1.0,822,4497,2.0,65,3,7,-0.708,490000.0
5,4.0,1585,11029,2.0,35,3,9,-0.914,953000.0
3,3.0,1484,3539,2.0,85,5,8,-1.032,797000.0
5,5.0,2203,6094,1.0,79,3,12,-0.247,1127000.0
4,4.0,1852,8628,2.0,66,3,10,0.699,1057000.0
6,6.5,3025,5406,2.0,67,5,4,-0.584,1151000.0
3,2.5,1185,4979,1.5,70,3,11,0.608,870000.0
6,6.0,2353,15585,2.0,13,1,5,-2.368,885000.0
6,6.0,1816,4479,1.0,63,4,6,-0.386,887000.0
2,1.5,1056,4741,1.0,84,4,7,1.167,668000.0
3,3.0,1431,11353,1.0,20,2,5,-0.171,626000.0
4,2.5,1747,8365,1.0,1,4,12,-0.829,1126000.0
5,5.5,2582,12236,3.0,32,1,12,-0.657,1325000.0
5,5.0,2508,12871,1.0,24,2,5,-3.028,886000.0
6,4.0,2623,7106,1.5,85,5,6,-1.012,1026000.0
3,3.0,1439,3535,1.0,40,4,7,1.057,874000.0
4,2.5,2208,13033,1.0,59,4,10,-0.583,1129000.0
3,3.0,1544,6288,1.0,88,4,9,-0.465,906000.0
6,6.0,2355,7970,1.0,71,1,10,-2.332,979000.0
2,2.0,685,1167,2.0,67,5,4,-1.631,405000.0
4,4.0,1768,12375,3.0,87,2,8,1.19,917000.0
1,0.5,1076,1840,1.0,61,4,5,0.617,523000.0
6,4.5,3283,20929,3.0,20,5,6,-1.297,1300000.0
3,2.5,1568,6245,2.0,65,2,10,-0.631,917000.0
3,2.0,1320,7117,2.0,28,4,5,-0.029,635000.0
4,3.5,1545,4805,1.0,29,1,4,-1.196,624000.0
3,2.0,1716,4307,1.0,58,4,8,-2.004,753000.0
6,5.0,2071,10287,2.0,28,3,10,-0.159,1109000.0
4,3.5,2065,12434,1.5,2,1,8,0.573,972000.0
4,4.0,2145,5943,1.0,89,4,5,0.592,913000.0
1,0.5,981,4254,2.0,51,5,10,0.875,723000.0
1,1.0,784,3442,1.0,60,1,7,-1.554,335000.0
3,2.5,1719,4992,2.0,72,5,10,0.058,877000.0
6,4.5,2651,13713,1.0,57,5,5,-0.268,994000.0
6,5.0,2367,5796,2.0,54,3,12,-0.087,1207000.0
4,3.0,2455,11817,1.0,71,5,6,-0.212,974000.0
4,3.0,1794,4014,1.0,26,2,12,-0.66,980000.0
3,2.5,1783,8302,2.0,74,4,7,-3.018,676000.0
2,1.5,474,1671,1.0,65,4,10,1.162,627000.0
1,1.0,1233,5474,2.0,16,3,8,0.33,675000.0
3,2.5,1991,8600,2.0,13,5,4,-1.484,751000.0
2,1.5,1209,8948,1.0,79,5,4,0.473,547000.0
2,2.0,1368,6409,1.0,80,4,7,-0.447,721000.0
2,1.5,1368,9330,2.0,89,3,5,-0.419,527000.0
1,1.0,657,1949,2.0,9,5,9,-0.768,639000.0
4,4.0,2064,7820,2.0,80,3,5,0.537,816000.0
6,6.5,2357,4686,1.0,77,4,9,-0.8,1165000.0
5,5.0,2067,8753,2.0,69,1,5,-1.097,792000.0
3,2.0,1888,11038,1.5,44,2,5,1.132,821000.0
3,2.5,1842,12798,2.0,45,5,7,-0.179,825000.0
2,1.5,988,5116,1.0,38,3,9,-0.147,701000.0
1,1.0,630,3566,1.0,2,3,7,0.692,554000.0
4,3.5,1706,4525,3.0,45,5,7,-0.668,811000.0
4,3.0,2120,3693,3.0,21,2,7,-0.468,904000.0
1,1.0,550,3655,1.0,18,2,7,0.306,596000.0
3,2.0,1657,4285,2.0,5,1,7,-1.541,697000.0
2,2.0,1424,2980,1.0,41,2,11,0.221,869000.0
2,2.0,1174,8916,1.0,4,3,9,-0.756,711000.0
5,3.0,2553,19819,1.0,76,4,7,0.855,985000.0
4,3.5,1809,9960,1.0,80,2,10,0.547,920000.0
4,4.0,1836,7273,1.0,72,3,8,0.415,895000.0
5,3.0,1957,13535,1.0,27,2,12,-1.607,1033000.0
6,5.0,2905,8223,1.0,14,5,9,-0.103,1296000.0
5,3.5,2020,8668,2.0,45,3,5,-1.177,737000.0
4,3.5,2005,7660,2.0,60,1,9,-0.037,908000.0
6,4.0,2579,19169,2.0,1,4,10,-2.315,1207000.0
3,3.0,1234,9229,1.0,77,2,5,-1.541,489000.0
6,6.5,2417,13851,2.0,39,5,5,1.189,1085000.0
5,3.5,2665,5916,1.0,73,2,9,0.369,1119000.0
4,3.0,1960,9083,2.0,7,5,11,-0.354,1078000.0
6,5.5,2297,7108,1.5,38,4,7,-0.909,1060000.0
4,4.0,1992,14446,1.0,41,1,8,-1.084,827000.0
5,4.0,2206,5294,1.0,4,4,9,0.2,1159000.0
2,1.5,2236,4143,2.0,63,4,9,-0.344,973000.0
6,4.0,2686,16328,2.0,83,3,5,1.547,1030000.0
4,4.5,1786,7941,2.0,48,1,7,-0.185,892000.0
5,4.0,2676,18597,3.0,35,3,12,0.059,1279000.0
3,3.0,998,1981,2.0,57,4,11,-1.389,771000.0
6,5.0,2628,17626,1.0,32,1,10,-0.361,1252000.0
1,1.0,1448,2523,2.0,32,2,4,0.177,652000.0
1,0.5,815,1371,1.0,68,4,7,-0.373,503000.0
4,2.5,1380,6208,1.5,53,3,4,-0.486,607000.0
5,5.5,2131,6262,1.0,23,5,6,0.327,1075000.0
5,5.5,2686,14395,3.0,36,2,11,1.515,1310000.0
3,2.5,1663,2774,2.0,75,4,7,0.145,823000.0
4,3.0,1648,2851,1.0,47,3,5,1.144,808000.0
4,3.5,1694,10548,1.0,6,2,10,0.622,976000.0
6,5.0,2432,6970,1.0,77,5,10,1.084,1244000.0
4,3.0,2008,11580,2.0,66,4,9,-0.61,964000.0
3,3.0,1951,12437,2.0,24,3,11,-0.207,996000.0
6,4.5,2916,5499,1.0,86,2,10,-0.203,1162000.0
1,1.0,987,6419,1.5,85,5,9,0.546,669000.0
6,4.0,2201,7142,1.5,89,1,12,0.792,1174000.0
1,0.5,452,1822,1.0,34,1,6,0.125,447000.0
2,2.0,1360,2806,1.5,83,1,8,0.877,737000.0
5,4.0,1846,12832,1.0,72,4,9,-0.563,983000.0
5,4.5,2182,11226,1.0,78,1,10,0.885,1082000.0
6,4.0,2691,12864,1.0,49,4,8,1.016,1194000.0
5,5.5,1909,14882,2.0,25,1,7,0.677,973000.0
4,4.0,1593,5853,1.0,20,4,5,0.134,823000.0
3,3.0,1522,11095,1.0,86,4,9,0.713,808000.0
1,0.5,1001,6184,2.0,45,5,5,-0.894,486000.0
1,1.0,1168,8801,2.0,83,2,8,0.198,583000.0
2,1.5,1382,10228,1.5,49,1,7,0.301,723000.0
1,1.0,872,6925,1.0,48,4,10,-1.33,746000.0
4,3.0,1676,3948,2.0,6,3,8,0.475,819000.0
5,3.0,1929,12874,1.0,36,5,4,-1.249,858000.0
6,4.5,2447,16466,2.0,50,1,8,-0.428,1044000.0
3,2.0,1673,9517,1.0,9,3,5,0.04,792000.0
6,5.0,2701,8947,1.0,14,1,7,-0.731,1108000.0
6,4.0,1970,15314,1.0,53,3,6,0.083,964000.0
6,4.5,2364,6687,2.0,22,1,5,0.067,947000.0
3,2.5,1911,9072,1.0,63,4,12,-0.82,973000.0
2,1.5,1224,5985,1.0,41,4,6,0.568,668000.0
6,4.5,2175,5550,1.5,36,1,8,-0.764,1002000.0
2,1.5,1907,11817,2.0,10,3,11,2.288,1069000.0
3,3.0,1541,3202,1.0,36,3,7,-0.109,820000.0
1,1.0,965,5795,2.0,48,4,12,-1.171,772000.0
5,4.5,2370,16628,2.0,51,3,7,-0.984,968000.0
4,4.5,1790,6750,1.0,24,3,12,1.148,1094000.0
1,1.0,632,3862,3.0,2,5,8,-0.409,610000.0
2,2.0,1837,4627,2.0,84,3,4,-1.364,625000.0
4,4.0,2201,15404,1.0,86,5,11,0.854,1069000.0
4,2.5,2147,16507,1.0,81,5,11,-0.416,1041000.0
5,4.0,2423,6039,1.0,26,5,12,0.653,1209000.0
2,2.0,899,5391,1.0,54,5,5,0.936,568000.0
6,6.5,2983,14282,1.5,12,4,11,0.274,1491000.0
3,2.5,1297,6426,2.0,81,3,7,2.396,710000.0
5,3.0,2335,14225,2.0,0,3,11,-1.725,1164000.0
2,2.0,708,3311,1.0,42,2,12,-0.818,861000.0
1,0.5,400,2161,1.0,77,5,5,-0.256,448000.0
1,1.0,945,2836,1.0,65,4,7,2.261,662000.0
3,2.5,1307,5176,1.5,77,5,6,1.798,789000.0
6,6.0,2003,14269,1.0,44,4,6,1.289,959000.0
1,1.0,1012,2241,2.0,8,3,9,-0.794,619000.0
3,2.5,2186,11770,2.0,0,2,7,-0.678,916000.0
1,1.0,1267,3418,1.0,13,5,9,-0.829,797000.0
6,6.0,2523,17667,2.0,5,4,10,-0.783,1314000.0
5,5.0,2253,11859,1.5,40,5,5,1.493,998000.0
5,5.0,2516,10365,2.0,4,3,4,-0.244,987000.0
5,3.0,2587,8081,1.5,16,3,10,-0.111,1183000.0
4,3.5,1797,7798,1.0,37,1,5,0.774,772000.0
5,3.5,2260,17457,2.0,66,1,5,-1.664,790000.0
1,1.0,940,4521,1.0,60,4,9,0.053,636000.0
6,5.5,2766,12590,1.5,5,2,6,-1.097,1103000.0
5,4.0,2210,14035,1.0,81,1,5,-0.294,830000.0
5,3.5,2214,8776,2.0,49,4,6,-0.586,906000.0
3,2.5,1964,8402,2.0,31,4,8,-0.638,949000.0
5,5.0,2613,9642,1.0,34,1,11,0.226,1272000.0
3,2.0,1693,4200,1.0,76,3,12,0.221,1003000.0
1,0.5,1366,8387,2.0,41,3,10,-0.22,736000.0
6,6.5,2484,17822,1.0,22,1,12,0.371,1313000.0
2,2.0,1687,12461,1.5,38,4,8,-0.869,784000.0
1,0.5,1013,7319,2.0,6,2,7,0.682,631000.0
4,3.0,2881,12782,1.0,13,5,11,-0.206,1267000.0
2,2.0,842,2818,2.0,28,1,6,-0.484,580000.0
6,5.5,2393,13512,1.5,19,5,11,-0.795,1304000.0
3,2.5,1676,12915,2.0,31,1,12,-0.241,1025000.0
1,1.0,969,6033,1.0,5,4,7,1.871,753000.0
6,4.5,3185,15022,1.0,54,4,9,-0.063,1290000.0
4,2.5,1699,10155,1.0,10,3,11,-1.144,961000.0
2,2.0,1471,9593,2.0,19,2,11,0.919,1008000.0
5,3.0,2599,19428,2.0,88,1,5,-0.472,862000.0
4,2.5,2111,13639,2.0,0,2,12,0.284,1080000.0
1,1.0,562,2425,1.0,25,4,8,-0.606,611000.0
5,5.5,2672,8760,1.5,45,4,4,1.281,1058000.0
3,3.0,1919,9114,2.0,27,1,5,-0.591,815000.0
5,4.0,2430,8829,2.0,28,1,10,1.398,1173000.0
6,5.0,2661,20298,1.0,11,3,7,-1.049,1116000.0
4,3.5,1968,9450,2.0,38,3,4,-0.293,850000.0
5,4.0,2226,10169,1.0,67,5,8,1.4,1016000.0
2,1.5,1392,5238,1.0,52,4,9,0.168,779000.0
2,1.5,1209,6838,2.0,83,3,4,2.271,543000.0
3,2.5,1295,6320,1.5,62,3,7,-0.269,602000.0
6,6.5,2285,5344,1.0,71,4,8,0.257,1151000.0
4,4.5,1674,11969,1.5,38,3,11,1.905,1067000.0
3,2.0,1617,6199,3.0,55,4,9,-1.514,865000.0
5,4.0,2242,9667,1.0,52,1,4,-1.638,788000.0
6,4.0,2665,7560,2.0,73,5,9,-0.796,1184000.0
6,4.5,2750,14017,1.0,45,5,12,0.813,1364000.0
2,1.5,1012,6136,1.0,36,3,4,-1.61,433000.0
5,3.5,2690,19442,1.0,6,3,12,0.597,1331000.0
4,4.0,1820,3341,1.5,77,3,4,0.527,790000.0
3,2.5,1420,11114,1.0,39,5,9,2.014,936000.0
3,3.0,1695,10297,1.0,71,1,7,1.045,759000.0
1,0.5,400,1339,2.0,61,2,10,0.364,501000.0
2,1.5,963,2724,1.5,0,4,11,1.359,885000.0
4,3.0,2194,7514,2.0,58,4,11,0.539,1097000.0
6,4.0,2079,14953,2.0,43,2,11,-0.46,1092000.0
6,4.5,2935,9961,1.0,21,1,11,-1.145,1253000.0
2,2.0,1653,7452,1.0,23,3,6,-0.569,718000.0
5,3.5,2139,13021,1.5,57,4,8,-0.04,1015000.0
1,0.5,938,6724,1.5,7,4,10,0.175,779000.0
5,4.5,2586,14949,1.0,54,1,5,-2.135,970000.0
3,2.5,1410,9017,1.0,76,1,9,-0.22,789000.0
3,2.5,1810,4754,1.0,7,2,8,0.029,958000.0
5,4.0,2049,14759,1.0,0,3,12,0.548,1169000.0
3,3.0,1407,4632,3.0,5,1,4,1.627,612000.0
5,3.5,2010,4692,1.5,65,1,4,0.186,749000.0
4,3.5,2003,15715,1.0,76,3,4,-0.91,778000.0
6,5.5,2947,8283,1.5,88,2,8,-1.818,1141000.0
4,4.0,1845,4406,2.0,2,4,8,0.687,1061000.0
2,1.5,819,4561,1.0,43,1,9,-0.869,487000.0
5,4.5,1925,6877,1.0,4,5,6,0.867,1050000.0
3,2.0,1668,3948,2.0,33,1,6,1.397,776000.0
4,2.5,2453,13264,1.0,27,3,7,-1.544,883000.0
1,0.5,968,6228,1.5,54,5,4,0.554,542000.0
1,1.0,734,4885,1.5,81,4,10,1.293,698000.0
4,3.0,2130,5348,2.0,72,5,4,1.019,866000.0
2,2.0,1128,5775,3.0,5,1,10,-2.096,762000.0
6,4.0,2487,16884,2.0,21,4,8,-0.854,1129000.0
6,6.0,2312,5889,1.5,24,1,12,-1.28,1135000.0
5,5.0,2673,7618,1.0,22,4,10,0.523,1270000.0
5,3.0,1488,2255,1.5,31,2,8,0.413,771000.0
4,2.5,2139,10503,2.0,54,4,10,-2.698,996000.0
1,0.5,711,1966,2.0,66,1,5,-0.301,439000.0
3,3.0,1427,8858,2.0,84,5,5,0.801,659000.0
3,2.0,2058,15959,1.0,63,3,8,0.148,875000.0
6,5.0,2386,6817,2.0,26,3,11,0.146,1193000.0
2,1.5,996,5696,2.0,16,3,11,-0.365,778000.0
3,3.0,1511,4347,2.0,33,1,7,-1.059,738000.0
3,2.5,1674,2707,2.0,71,2,6,-0.017,697000.0
1,1.0,717,4611,1.5,89,4,12,0.052,751000.0
1,1.0,400,1728,2.0,35,5,9,0.615,667000.0
3,2.0,1290,9874,1.0,15,5,5,0.696,770000.0
1,1.0,1234,6137,1.0,0,3,6,0.086,602000.0
1,0.5,872,2201,2.0,6,2,11,1.095,829000.0
3,2.5,1685,7454,2.0,57,3,12,-0.375,1050000.0
2,2.0,1122,3163,2.0,53,3,12,-1.444,880000.0
4,3.5,1702,12267,1.0,57,2,4,0.477,706000.0
1,1.0,1353,8106,1.0,2,2,11,0.126,824000.0
2,1.5,1144,4253,1.0,39,5,5,0.497,590000.0
3,2.5,1417,6987,2.0,16,2,11,-1.264,828000.0
6,4.5,2929,17139,2.0,30,1,11,1.791,1347000.0
4,3.5,1683,11089,3.0,55,4,7,0.711,916000.0
6,5.0,2422,4895,1.0,24,4,5,-0.288,1067000.0
3,2.5,1553,2557,1.5,59,2,10,-0.935,813000.0
3,2.5,1550,3478,2.0,26,4,4,1.077,723000.0
3,2.0,1628,6622,1.0,45,5,9,-1.102,864000.0
6,4.5,3228,14634,3.0,41,5,6,2.261,1264000.0
6,4.0,2701,6447,1.5,34,4,7,-0.613,1137000.0
6,6.0,1887,7873,1.0,11,3,11,1.721,1231000.0
5,4.5,2348,10262,1.0,51,1,12,-0.184,1177000.0
4,2.5,1911,4222,2.0,89,3,7,1.581,888000.0
4,4.0,1913,14268,2.0,57,5,6,-0.735,903000.0
6,6.0,2674,14425,2.0,67,5,11,0.019,1350000.0
2,1.5,1191,4794,2.0,72,4,7,0.805,646000.0
3,2.0,1534,7355,1.0,3,5,5,0.662,820000.0
6,3.5,2784,9862,2.0,71,3,12,1.101,1321000.0
3,2.0,1387,9783,2.0,21,1,12,-0.487,880000.0
2,2.0,916,4798,1.0,59,3,6,0.085,579000.0
4,4.5,2807,13240,2.0,88,2,5,1.248,1022000.0
2,1.0,985,7309,1.0,80,5,5,-0.705,566000.0
6,6.0,2630,18270,1.0,37,4,9,0.573,1212000.0
6,4.0,2151,14591,1.0,75,3,6,-0.219,968000.0
2,2.0,1235,3664,2.0,55,2,9,0.206,743000.0
4,4.0,1620,4042,1.0,11,1,10,0.085,930000.0
6,4.5,2467,14767,1.0,21,1,4,-0.788,875000.0
5,3.0,2564,11656,2.0,86,2,11,-0.261,1080000.0
2,2.0,1342,7977,1.0,82,2,4,0.145,463000.0
4,4.5,2071,13346,2.0,80,2,5,-0.103,849000.0
4,3.0,1369,4681,2.0,34,5,10,1.573,1069000.0
4,3.0,2451,8211,1.0,28,4,9,1.01,1065000.0
1,0.5,492,2308,1.0,72,3,12,0.29,620000.0
2,2.0,1659,5438,3.0,1,1,9,-0.763,866000.0
6,5.5,2906,16964,1.0,80,5,7,-0.824,1161000.0
2,2.0,1373,8724,1.0,54,4,10,1.974,946000.0
2,2.0,944,4312,3.0,56,3,10,-1.01,700000.0
2,2.0,1245,7725,2.0,39,3,10,0.114,792000.0
2,2.0,1059,5102,2.0,88,3,7,0.361,611000.0
1,0.5,859,5269,1.5,67,5,12,-0.311,661000.0
3,2.5,1475,4369,2.0,4,4,6,-1.002,696000.0
6,4.5,1988,12529,2.0,47,3,7,-0.785,976000.0
1,1.0,1187,7298,2.0,77,4,6,-0.547,629000.0
2,2.0,1176,3802,2.0,6,5,6,-0.709,750000.0
1,1.0,705,3605,2.0,66,2,5,1.328,477000.0
4,4.5,1732,12227,1.5,22,5,9,-0.009,920000.0
2,1.5,1308,4083,1.0,45,4,10,-0.524,784000.0
5,4.5,1982,12455,1.5,79,1,7,0.107,938000.0
4,3.5,1223,9418,1.5,44,5,12,0.668,1081000.0
5,3.5,2372,16914,1.0,3,4,8,-0.345,1154000.0
4,3.0,2056,8450,1.0,1,2,8,0.902,985000.0
3,2.5,1490,8116,2.0,66,2,4,-1.271,510000.0
6,4.0,2256,17927,1.0,83,5,12,1.171,1245000.0
3,3.0,1577,8192,1.0,26,5,5,-0.009,774000.0
6,4.0,2161,4857,1.0,84,1,5,-0.048,892000.0
6,4.0,2292,4115,1.0,40,4,12,-0.693,1219000.0
4,4.0,1675,11117,2.0,5,1,8,-1.228,856000.0
5,3.0,2503,10647,1.0,47,2,4,-1.667,828000.0
2,2.0,1091,3387,1.0,87,3,7,-0.763,612000.0
5,5.0,2116,7956,2.0,22,2,9,0.588,1110000.0
5,3.0,2836,18215,1.0,86,3,4,-0.961,873000.0
6,5.5,2706,12242,1.0,58,3,10,-1.548,1149000.0
2,2.0,1302,9303,2.0,35,3,10,-0.909,866000.0
5,5.0,2139,13427,1.5,62,5,4,-0.385,811000.0
3,3.0,1371,10736,2.0,36,1,9,-0.346,866000.0
2,2.0,544,3958,2.0,7,4,6,-0.129,464000.0
2,2.0,1491,4703,2.0,78,2,10,1.033,814000.0
4,3.0,2034,11764,1.0,33,1,7,1.249,959000.0
2,2.0,1146,1872,2.0,50,3,5,2.005,641000.0
1,1.0,809,6425,2.0,66,2,8,-1.625,453000.0
3,2.5,1771,5661,1.0,7,1,7,-0.856,811000.0
4,3.5,1434,8348,2.0,64,3,7,0.698,798000.0
2,1.5,1023,7181,1.0,32,5,11,-0.454,818000.0
6,6.0,2259,5745,2.0,49,3,9,0.861,1123000.0
5,5.5,2781,19498,2.0,41,4,8,0.207,1211000.0
4,2.5,2163,3417,1.5,69,1,6,1.579,836000.0
6,4.0,1939,8479,1.0,16,1,9,1.043,1141000.0
3,2.5,1096,5007,2.0,9,2,4,1.061,595000.0
1,1.0,810,3185,1.5,36,4,11,-0.412,717000.0
1,1.0,708,3761,1.0,10,5,4,-0.097,462000.0
6,3.5,2203,16405,1.0,21,1,10,-0.305,1154000.0
6,5.0,3183,11540,2.0,59,3,7,-1.506,1090000.0
5,4.5,2344,12342,1.0,73,2,10,1.472,1157000.0
1,1.0,992,7146,1.5,62,4,7,0.745,615000.0
2,2.0,992,6472,2.0,28,2,4,-0.345,437000.0
1,1.0,1067,1883,1.0,73,3,12,1.305,789000.0
1,1.0,736,5614,1.5,36,5,10,-0.63,708000.0
2,2.0,1115,2011,1.0,16,3,4,-1.838,471000.0
4,3.5,2083,11096,2.0,68,4,4,1.007,850000.0
1,1.0,400,2096,2.0,46,4,8,-1.279,570000.0
6,5.5,3079,20357,1.0,33,3,12,-0.196,1430000.0
3,2.0,1605,3956,1.5,59,2,9,0.206,763000.0
2,1.5,1584,4223,1.5,65,5,4,0.385,622000.0
4,3.5,1577,10075,3.0,20,2,10,0.848,957000.0
5,5.0,1973,4877,1.0,10,5,7,0.581,1025000.0
2,2.0,851,3873,1.5,46,5,9,0.55,747000.0
1,0.5,925,5787,2.0,4,3,7,-0.791,599000.0
1,1.0,870,4988,1.0,57,5,4,0.294,568000.0
6,4.5,2461,7060,1.5,39,4,4,-1.506,915000.0
1,1.0,546,1898,1.0,19,4,9,1.562,621000.0
4,4.0,1520,11853,2.0,53,1,9,-1.403,866000.0
3,2.5,1535,6779,1.0,33,1,6,-0.346,752000.0
5,4.5,2110,3775,3.0,34,1,4,-1.319,788000.0
1,1.0,644,1885,1.0,19,1,10,-0.73,593000.0
6,5.0,3064,11416,1.0,60,5,5,0.013,1172000.0
5,5.0,2225,17793,2.0,81,1,5,-0.529,835000.0
3,3.0,1931,6696,2.0,55,1,8,1.144,803000.0
2,1.5,1040,1738,2.0,21,5,10,0.227,844000.0
6,4.5,2673,12921,2.0,75,2,12,-0.463,1282000.0
2,1.5,1183,2417,1.0,10,5,9,-0.134,873000.0
3,2.0,1041,3416,2.0,26,5,12,1.22,917000.0
3,2.0,1979,15734,1.0,3,3,9,0.909,1016000.0
2,1.5,1159,7047,1.0,76,5,11,-1.139,808000.0
3,3.0,1774,3245,2.0,4,5,5,-0.681,815000.0
1,1.0,624,2756,2.0,49,1,4,0.475,375000.0
1,0.5,801,2095,1.0,17,1,10,0.353,661000.0
2,1.5,940,2161,1.0,19,2,12,-1.05,791000.0
1,1.0,1221,6491,2.0,54,3,10,0.749,815000.0
3,3.0,1643,7865,1.0,72,4,7,-0.891,834000.0
6,5.0,2710,17151,1.0,1,1,8,1.304,1171000.0
1,1.0,1257,9176,1.0,14,1,5,0.529,572000.0
1,1.0,1197,3715,1.0,25,2,7,-1.132,585000.0
1,0.5,1080,8099,1.0,84,2,10,-0.529,629000.0
4,3.5,1473,7169,3.0,5,5,5,-0.546,706000.0
2,2.0,991,3154,1.0,16,2,8,0.16,685000.0
3,2.5,1249,8740,1.5,36,5,6,-0.204,739000.0
1,0.5,1068,1849,2.0,29,1,8,-1.145,572000.0
2,2.0,1251,6426,1.5,4,1,10,-1.394,765000.0
3,3.0,1133,7014,2.0,48,5,11,0.549,935000.0
3,2.5,1493,4957,2.0,54,2,7,0.286,808000.0
4,3.5,1452,10328,2.0,15,1,11,0.106,927000.0
5,3.5,2234,6840,2.0,61,3,10,0.271,1031000.0
3,3.0,1053,7328,2.0,5,1,12,-0.619,859000.0
6,5.0,2759,5547,2.0,65,1,10,0.184,1281000.0
4,2.5,2013,5112,2.0,23,3,8,2.539,970000.0
2,2.0,1772,7046,1.0,20,3,10,1.175,1007000.0
2,2.0,1454,10253,2.0,17,3,6,-0.288,764000.0
2,2.0,1073,2618,2.0,78,3,10,-0.523,619000.0
4,3.0,2145,15423,1.0,45,1,10,-2.86,945000.0
2,1.5,781,2338,2.0,62,2,9,1.069,680000.0
6,6.5,2311,10264,1.0,18,2,4,0.787,971000.0
3,3.0,1650,6258,1.0,5,2,8,-0.544,821000.0
6,5.0,1953,4429,2.0,3,3,10,-1.432,1048000.0
5,4.5,2239,17102,1.0,39,2,5,-1.155,858000.0
3,2.5,1244,5409,1.0,29,4,11,0.444,907000.0
2,1.5,1230,7364,1.0,69,5,11,-0.089,827000.0
5,3.5,1927,10096,2.0,70,4,8,0.692,950000.0
2,1.5,1327,6318,1.5,27,2,12,0.086,946000.0
2,1.5,1206,6642,2.0,39,3,11,0.967,808000.0
6,6.0,3020,22164,2.0,34,3,8,0.37,1201000.0
3,2.0,1552,9383,2.0,60,4,11,0.829,1013000.0
1,0.5,619,3071,2.0,56,2,12,-2.09,605000.0
3,2.5,1476,8404,2.0,58,1,4,-1.234,537000.0
3,2.0,1147,6241,1.0,4,4,12,-0.364,921000.0
6,4.0,2722,11746,3.0,30,4,4,1.08,1055000.0
5,4.5,2427,13496,1.5,87,1,8,1.881,1035000.0
2,1.5,1941,8508,1.0,30,4,12,-0.164,1075000.0
1,1.0,663,4259,1.0,15,1,10,-0.612,574000.0
4,4.0,1820,14192,2.0,17,4,6,-1.955,821000.0
1,0.5,677,5239,1.0,2,4,9,0.864,584000.0
2,2.0,1264,8639,1.5,70,1,5,-0.55,588000.0
1,1.0,965,5222,1.0,0,4,6,2.958,694000.0
1,1.0,834,5313,1.5,53,1,12,-0.739,726000.0
6,5.5,2926,7775,1.0,35,2,4,2.105,1132000.0
1,1.0,665,3068,2.0,8,4,12,0.748,828000.0
1,1.0,1146,3636,1.0,79,2,8,-1.028,588000.0
6,5.5,2762,4206,1.0,66,5,4,0.232,1067000.0
2,1.0,1196,9309,1.0,73,5,11,0.771,810000.0
5,5.5,2156,15340,1.5,84,5,4,-0.225,834000.0
1,1.0,1578,7636,2.0,82,1,6,0.838,630000.0
1,1.0,605,1907,1.5,63,1,6,0.816,412000.0
1,1.0,939,5638,1.0,48,1,11,0.596,786000.0
5,3.0,2025,8761,2.0,62,3,7,-0.016,916000.0
4,3.5,2436,16374,1.5,40,3,9,-1.175,1023000.0
3,2.5,1816,14522,1.0,16,4,4,-0.077,750000.0
2,1.5,996,3754,2.0,34,2,10,0.176,744000.0
1,1.0,1004,3101,2.0,42,1,10,-1.876,623000.0
4,3.0,1977,6401,2.0,4,4,6,0.169,926000.0
2,1.5,1045,2202,1.0,76,4,11,-0.097,784000.0
4,3.0,2127,8638,1.0,81,4,8,-1.297,850000.0
5,5.5,2367,3819,1.5,37,2,10,-0.333,1047000.0
6,4.0,2665,5979,1.0,44,3,5,-0.312,979000.0
3,2.5,1537,5020,1.0,75,5,12,1.93,1070000.0
1,0.5,979,2486,3.0,40,4,6,0.22,556000.0
2,1.5,1269,7943,2.0,61,5,9,1.036,875000.0
6,5.0,2618,5724,1.0,46,3,4,-0.118,973000.0
4,3.5,1708,12176,1.0,24,1,4,-1.874,715000.0
4,4.5,2408,7073,2.0,71,4,5,0.672,1009000.0
3,2.0,1235,2724,1.0,17,3,12,-0.658,949000.0
1,1.0,978,1531,1.0,20,1,5,-0.336,431000.0
6,3.5,2504,15397,1.0,62,1,11,-1.053,1118000.0
5,3.5,2778,8801,2.0,63,2,9,0.073,1187000.0
6,5.0,2329,11207,2.0,85,1,4,1.065,891000.0
6,3.5,2379,5294,1.0,63,4,7,0.933,1068000.0
2,2.0,909,7185,1.0,2,4,8,1.586,703000.0
2,2.0,1297,3003,2.0,76,2,6,1.728,748000.0
2,2.0,788,3292,1.5,37,1,9,-2.046,541000.0
6,5.0,2456,17280,2.0,0,1,11,-1.194,1108000.0
4,3.5,1254,3877,1.0,52,5,11,-1.808,874000.0
3,2.5,1622,5248,2.0,15,2,8,0.632,748000.0
6,3.5,2450,16550,2.0,37,1,12,-0.693,1131000.0
4,2.5,1454,4764,2.0,42,4,12,-0.489,1091000.0
6,5.5,2926,4444,1.0,6,5,4,-0.217,1108000.0
6,6.5,2208,9453,2.0,76,1,9,0.383,1013000.0
1,0.5,1089,1722,1.0,45,5,10,-1.485,720000.0
3,2.5,1340,9934,1.0,86,4,4,-1.259,520000.0
5,5.0,2730,15484,1.0,41,2,9,0.001,1220000.0
5,5.0,2475,13092,2.0,53,4,12,1.199,1271000.0
1,1.0,548,1540,1.0,73,3,6,-0.025,449000.0
2,2.0,925,5596,2.0,19,4,11,-0.792,749000.0
4,4.0,2082,12288,1.5,81,1,12,-2.148,1122000.0
5,5.0,2171,4110,1.5,16,2,9,0.953,1130000.0
1,0.5,799,5773,1.0,89,4,9,-0.736,577000.0
4,4.5,2282,12017,2.0,57,5,8,-1.147,1018000.0
2,1.0,975,6485,1.0,46,1,7,-1.715,490000.0
2,2.0,1227,3937,1.5,18,2,8,-1.439,650000.0
4,2.5,2186,5013,1.0,51,4,8,-0.961,912000.0
3,2.0,1793,10876,1.0,49,5,8,-0.239,963000.0
4,2.5,1852,12335,1.5,88,4,11,-1.209,936000.0
2,1.5,1113,4462,1.0,75,4,10,0.186,670000.0
5,4.0,1728,2858,1.0,43,2,7,-0.246,796000.0
1,0.5,533,3634,3.0,35,1,8,2.222,606000.0
6,5.0,2696,7656,1.0,34,4,5,-1.704,1005000.0
1,1.0,809,2996,1.0,34,4,5,0.161,507000.0
5,5.0,2272,12686,1.0,1,3,7,0.174,1117000.0
3,3.0,1862,4003,1.0,3,3,4,-1.031,706000.0
3,3.0,1194,2350,2.0,67,2,11,0.095,864000.0
1,0.5,779,1299,1.0,22,3,5,0.77,472000.0
5,3.5,2307,17206,1.5,37,2,6,0.096,968000.0
1,1.0,639,2252,2.0,62,3,6,1.384,491000.0
4,2.5,2329,13495,1.0,54,1,5,-2.178,753000.0
5,4.0,2523,20007,2.0,32,4,7,-0.842,1095000.0
6,6.5,2687,15723,3.0,67,2,10,1.475,1316000.0
5,5.5,2788,13698,1.0,14,4,12,0.912,1409000.0
2,1.5,750,3664,1.0,42,3,5,0.541,488000.0
5,4.5,2248,8880,1.0,9,5,6,1.233,1141000.0
5,4.0,2360,12741,1.0,47,2,8,-1.917,1000000.0
2,2.0,926,7160,1.5,8,2,6,0.796,602000.0
1,0.5,940,6225,1.5,84,2,11,1.064,683000.0
6,4.0,2268,9656,1.0,59,4,6,-0.659,997000.0
1,1.0,1057,3870,1.0,22,1,7,2.629,676000.0
4,3.0,2217,16058,1.0,55,4,8,0.196,997000.0
2,2.0,1282,3055,3.0,31,5,7,-2.193,687000.0
1,1.0,400,2809,2.0,46,4,9,0.381,598000.0
5,5.0,1960,6190,1.0,15,1,11,-0.72,1073000.0
1,1.0,1019,6268,2.0,45,3,8,1.165,733000.0
5,4.0,2256,15206,1.5,9,3,8,0.548,1138000.0
5,5.0,1442,6634,2.0,13,2,12,-0.598,1056000.0
1,0.5,1223,3363,1.5,52,3,12,1.502,933000.0
2,1.5,1241,8676,2.0,45,4,12,0.939,925000.0
5,3.5,2004,7793,1.0,26,5,4,-0.828,866000.0
4,4.0,2198,7879,1.0,5,2,11,-0.152,1180000.0
1,1.0,647,3115,3.0,38,2,12,0.517,772000.0
6,6.5,2393,10357,1.0,83,2,11,-0.364,1229000.0
2,2.0,1308,7769,1.0,63,3,10,-0.334,825000.0
1,1.0,1384,3310,2.0,5,3,7,0.037,804000.0
6,4.5,3087,13373,2.0,84,4,10,-1.066,1239000.0
1,1.0,958,6990,2.0,38,2,9,-2.233,584000.0
4,3.5,2039,3536,2.0,51,2,11,0.239,1047000.0
6,5.0,2837,12689,2.0,0,1,7,-1.989,1074000.0
4,3.5,1523,8823,1.0,27,1,10,-0.993,787000.0
4,3.0,2093,15216,2.0,70,1,11,-1.772,1027000.0
3,2.0,1330,7128,2.0,29,2,11,-1.648,778000.0
1,0.5,946,6489,2.0,14,4,5,0.426,565000.0
4,2.5,1832,5400,1.0,8,4,11,-0.222,991000.0
6,5.0,2750,10431,1.0,83,5,5,-0.258,1076000.0
1,1.0,885,6747,2.0,73,3,12,-1.316,676000.0
6,5.5,1678,12180,1.0,3,3,4,-0.656,766000.0
3,2.5,1604,8223,1.0,83,5,6,0.376,776000.0
4,3.5,2093,9608,2.0,73,1,9,-0.052,912000.0
1,1.0,984,4361,1.5,32,4,8,0.823,666000.0
4,3.0,1869,3518,1.0,59,5,10,0.965,1051000.0
2,2.0,1693,12360,1.0,23,3,7,-0.252,835000.0
2,1.5,1293,8816,1.0,22,2,4,-1.852,476000.0
5,5.0,2381,10633,2.0,64,4,9,-0.757,1056000.0
1,1.0,1163,3857,1.5,18,5,8,-0.098,735000.0
3,2.5,1659,6186,1.0,31,2,8,-0.776,834000.0
4,4.0,1631,3752,1.0,32,3,7,-1.055,888000.0
1,0.5,400,2477,1.0,13,1,12,0.07,602000.0
2,2.0,1057,5410,1.0,74,2,11,2.43,821000.0
3,3.0,1778,5373,1.0,60,4,5,-0.488,802000.0
4,4.0,1794,9956,1.5,77,3,4,-0.003,820000.0
6,5.5,2840,22337,1.0,47,1,5,-1.312,963000.0
6,6.0,2645,6072,1.0,15,2,4,1.243,1022000.0
2,2.0,1586,7106,1.5,25,1,10,0.875,902000.0
1,1.0,761,3586,1.0,31,4,9,0.806,659000.0
1,1.0,990,2558,1.0,84,5,8,1.36,647000.0
4,4.0,2052,10168,1.0,21,1,9,-0.427,994000.0
1,1.0,1300,7071,1.0,62,2,11,-0.302,849000.0
2,2.0,688,1736,1.0,11,5,11,1.71,792000.0
6,5.0,2462,6169,2.0,86,5,7,0.633,1157000.0
6,5.5,2855,20174,1.0,58,4,9,-2.219,1167000.0
6,4.0,3064,10798,2.0,38,4,9,0.455,1307000.0
2,1.5,1272,7120,2.0,31,5,12,-0.582,989000.0
4,4.0,1812,10100,1.0,31,2,10,0.898,1038000.0
4,3.0,2127,14792,1.0,20,5,6,0.408,949000.0
2,1.5,1461,9218,1.0,53,5,11,-1.741,896000.0
4,3.0,1792,12479,1.0,77,2,7,0.269,808000.0
4,3.5,1999,11122,1.5,21,1,10,0.211,1043000.0
3,3.0,1904,8418,1.0,67,3,12,0.363,1047000.0
5,5.0,2817,11432,2.0,50,4,11,0.576,1364000.0
5,3.0,2473,9802,1.5,69,5,4,1.496,890000.0
4,3.5,1913,8072,2.0,69,1,5,0.414,717000.0
5,4.0,2234,5229,2.0,3,2,11,0.023,1097000.0
5,4.5,2417,10286,1.5,1,4,5,1.148,1047000.0
4,3.5,1865,7519,2.0,82,1,4,2.243,686000.0
2,1.5,1257,2168,3.0,13,4,6,0.915,681000.0
5,4.0,1933,6356,1.0,51,2,8,0.206,890000.0
5,4.5,2639,16856,1.0,67,1,5,0.433,1026000.0
6,5.0,2258,11870,1.0,45,2,5,0.256,891000.0
1,1.0,720,4853,1.0,0,4,7,0.019,544000.0
3,3.0,1579,7938,1.5,0,5,9,2.165,1033000.0
6,6.0,3197,22544,1.0,60,1,8,-0.749,1296000.0
4,3.0,1773,11834,1.5,80,3,11,1.155,1010000.0
6,6.0,2400,5133,2.0,30,2,12,-0.126,1267000.0
1,1.0,685,5378,1.0,48,4,4,-1.48,445000.0
1,0.5,1348,2151,1.5,84,4,10,-0.188,797000.0
5,4.5,1406,7564,1.0,74,5,5,-0.547,758000.0
3,2.0,1249,8308,2.0,48,2,7,0.578,671000.0
4,4.0,2719,9944,2.0,58,2,7,0.091,1066000.0
3,2.0,1727,9310,1.0,86,2,10,-1.022,775000.0
3,3.0,1218,4694,2.0,71,4,6,1.471,692000.0
6,4.5,2587,4900,1.0,37,3,12,1.09,1385000.0
1,1.0,870,1353,2.0,62,1,7,1.586,621000.0
5,5.5,2504,5300,1.5,29,5,11,0.237,1317000.0
6,4.5,3152,6744,1.0,82,1,12,-0.036,1239000.0
4,4.0,2017,11035,2.0,8,5,8,0.704,1008000.0
3,3.5,1388,6826,2.0,20,1,4,-0.577,583000.0
1,1.0,1086,4844,2.0,31,3,10,0.13,746000.0
5,3.5,2041,12241,1.5,18,2,7,-0.176,876000.0
3,3.0,1240,1996,2.0,53,4,7,-1.461,680000.0
1,0.5,400,1305,1.0,64,3,8,0.127,565000.0
3,2.5,1080,7077,2.0,80,2,6,-0.441,592000.0
6,6.0,2331,17284,2.0,45,3,6,-0.243,1034000.0
2,2.0,847,3684,1.0,55,5,12,0.364,800000.0
2,1.5,1294,2626,1.0,53,2,6,1.273,582000.0
5,4.0,1890,12647,1.0,0,2,8,-0.849,894000.0
2,2.0,400,2901,1.0,63,1,10,-0.337,487000.0
6,5.5,2287,9580,1.0,2,4,5,-0.765,1004000.0
6,5.0,2458,7575,1.0,49,4,9,-0.83,1156000.0
6,6.5,2418,4318,1.5,89,4,12,-0.595,1213000.0
6,4.5,3056,16325,1.0,70,1,11,-0.196,1284000.0
2,1.5,1016,7533,1.0,45,4,4,0.586,613000.0
2,2.0,1464,8647,2.0,28,5,7,0.32,889000.0
3,3.5,1544,5500,1.0,75,5,4,-1.057,697000.0
3,2.0,1537,8728,1.0,77,5,9,1.294,886000.0
6,4.5,2349,16228,2.0,33,2,6,0.944,1049000.0
5,3.5,2232,10251,3.0,9,4,12,-0.901,1258000.0
4,4.0,1670,11403,1.5,52,3,5,1.224,715000.0
6,4.5,2651,10730,1.0,57,3,11,0.327,1323000.0
4,3.5,1829,6887,1.0,84,2,7,-0.156,789000.0
3,3.5,1267,6702,3.0,80,4,12,0.358,918000.0
3,2.0,1848,8354,2.0,20,5,5,-0.026,794000.0
4,3.5,2028,15922,2.0,22,4,6,0.545,952000.0
1,1.0,716,3477,2.0,89,5,7,0.187,495000.0
5,5.0,2294,9184,1.0,29,5,12,-0.337,1253000.0
4,3.0,1875,7626,1.0,41,1,10,-2.026,917000.0
5,4.0,1990,10073,2.0,27,5,11,0.527,1175000.0
4,2.5,1921,7313,2.0,35,5,8,-0.374,963000.0
5,5.0,2064,12795,1.0,50,3,11,0.778,1140000.0
6,6.0,2317,9208,1.5,26,4,9,0.482,1226000.0
4,2.5,1413,5648,1.0,37,4,10,-0.348,944000.0
3,2.5,1442,7946,3.0,31,4,11,1.023,1024000.0
1,1.0,1020,1933,1.0,9,5,12,0.205,900000.0
5,3.0,2042,11762,2.0,70,1,9,0.164,985000.0
6,4.5,3356,16049,1.0,80,1,7,-0.138,1212000.0
5,4.5,2516,11183,2.0,44,2,9,1.684,1289000.0
6,4.5,2991,18470,2.0,18,3,10,-0.713,1351000.0
6,4.5,2839,18251,1.0,57,5,12,-0.323,1357000.0
5,4.0,2806,19644,2.0,48,4,10,-1.237,1170000.0
4,3.0,1664,6550,2.0,49,1,12,0.727,992000.0
1,1.0,400,1450,2.0,53,4,10,-0.582,572000.0
1,1.0,716,4399,1.0,64,3,12,-0.47,731000.0
2,2.0,1367,7220,2.0,3,2,10,-0.517,806000.0
3,2.0,1595,8943,1.5,8,4,11,0.063,1045000.0
5,5.0,2333,11924,1.5,8,2,5,-1.251,865000.0
3,2.0,1946,12693,1.5,13,4,12,-2.243,960000.0
1,1.0,965,2640,2.0,87,1,7,0.458,521000.0
2,1.5,1440,7361,1.0,65,2,11,-2.114,738000.0
6,6.0,2318,5859,1.0,59,3,7,0.854,1018000.0
6,4.0,2271,9418,1.0,62,4,8,1.559,1067000.0
3,2.0,2034,11830,1.0,3,5,10,-0.164,1028000.0
5,4.0,2280,10727,1.0,19,2,8,1.299,1078000.0
5,3.0,2063,8185,1.0,71,5,10,-0.024,1031000.0
6,4.5,2414,17507,2.0,41,5,4,1.599,999000.0
6,6.0,2405,15689,1.5,45,2,11,-0.456,1212000.0
4,4.0,1687,8302,1.0,67,1,7,-2.365,772000.0
3,2.0,1165,8942,2.0,6,2,11,-0.08,924000.0
4,4.0,1450,6175,2.0,71,4,6,1.708,820000.0
2,2.0,1141,7556,2.0,61,4,9,0.535,779000.0
3,3.0,1372,3556,2.0,36,4,9,-0.515,835000.0
4,4.0,2232,7494,3.0,44,4,5,0.329,943000.0
4,3.5,1988,7351,1.5,6,1,8,0.971,989000.0
4,3.5,1980,4332,3.0,18,3,9,-0.086,1065000.0
3,3.0,1327,6319,2.0,22,5,11,2.626,957000.0
3,3.0,1514,4163,1.0,78,2,11,-0.517,865000.0
1,0.5,958,5386,2.0,10,5,7,1.003,695000.0
4,3.0,2115,5786,2.0,26,1,9,0.762,999000.0
4,2.5,1872,4311,2.0,11,5,5,-0.7,783000.0
6,6.5,2924,22804,2.0,25,4,12,-0.424,1379000.0
4,3.5,1902,10991,1.0,0,4,11,1.018,1178000.0
3,3.0,1788,13565,1.0,24,4,12,0.145,1053000.0
1,1.0,703,3293,2.0,65,5,8,0.338,529000.0
2,2.0,656,1126,2.0,69,2,7,-1.636,510000.0
3,2.0,1631,8536,2.0,34,1,10,0.656,913000.0
3,3.0,1768,9068,2.0,63,5,10,0.287,984000.0
3,3.0,1723,2752,2.0,55,1,5,-0.064,652000.0
3,2.0,1677,11903,3.0,81,4,8,0.361,828000.0
5,5.0,2145,11861,1.0,72,2,9,-0.409,1070000.0
1,1.0,608,3855,3.0,20,5,8,-0.592,529000.0
2,2.0,1366,6435,1.0,52,5,7,-0.242,670000.0
1,1.0,978,5398,1.5,70,3,6,-0.464,490000.0
2,1.5,1032,3275,1.0,27,3,7,2.181,710000.0
5,3.5,2583,20223,1.5,51,3,6,0.912,1011000.0
1,0.5,585,2401,1.0,36,3,6,-0.968,466000.0
3,2.0,1375,3513,1.0,27,5,5,2.036,813000.0
1,1.0,1341,2499,2.0,17,2,7,-0.433,674000.0
6,4.5,2861,16122,2.0,3,5,9,0.029,1328000.0
5,3.5,2143,16912,1.0,67,4,7,0.897,997000.0
2,2.0,1286,9417,2.0,73,5,5,-1.97,575000.0
2,2.0,1246,7555,1.0,58,4,11,-0.237,793000.0
1,1.0,400,3176,1.0,21,5,7,-0.573,471000.0
3,3.0,1278,7922,1.0,1,3,9,0.205,799000.0
5,4.0,2235,8281,1.5,56,3,8,0.37,1018000.0
4,4.0,1793,9696,2.0,17,2,8,-0.077,933000.0
6,4.0,2674,5397,1.5,49,2,7,-0.124,994000.0
3,3.0,1889,5555,2.0,87,1,10,1.065,938000.0
2,2.0,1104,4652,1.5,0,2,11,0.301,808000.0
3,3.0,1233,3467,2.0,51,5,12,0.041,909000.0
2,2.0,1297,9984,3.0,89,5,7,0.148,679000.0
6,5.5,2502,19944,1.0,30,4,7,1.836,1135000.0
2,1.5,1153,4509,1.0,73,2,4,0.173,523000.0
3,3.0,1462,8933,1.0,74,3,7,-0.514,724000.0
4,4.0,2573,10679,1.5,43,4,12,-1.909,1245000.0
1,1.0,400,963,1.5,27,1,6,-1.434,344000.0
3,2.5,1433,5288,1.0,61,5,11,-0.467,905000.0
3,2.0,1549,4673,2.0,55,5,10,-0.108,996000.0
2,2.0,966,3509,3.0,42,5,9,-0.556,661000.0
1,0.5,1120,3245,1.0,17,1,9,0.351,745000.0
1,0.5,1094,2440,1.0,67,5,10,-0.569,803000.0
1,1.0,836,2436,1.0,19,4,4,-0.914,494000.0
3,3.0,1469,10852,1.0,12,3,5,0.613,729000.0
1,0.5,816,1676,2.0,6,1,5,1.369,567000.0
6,4.0,2569,9276,1.5,40,3,10,-1.107,1143000.0
2,1.0,1176,5803,1.0,10,2,7,0.244,636000.0
4,4.0,1844,7015,1.5,30,5,5,-1.905,788000.0
5,4.5,2326,11315,1.0,21,2,4,-1.475,829000.0
3,2.0,1776,3165,1.0,41,2,8,-0.589,774000.0
6,3.5,2231,12752,1.0,69,5,7,1.135,1088000.0
1,1.0,535,2762,2.0,40,1,5,-0.779,327000.0
2,1.5,675,4000,1.5,50,5,4,-0.816,445000.0
2,2.0,1460,7573,2.0,12,5,10,0.036,860000.0
1,1.0,925,4020,1.0,10,2,11,0.037,757000.0
2,2.0,1352,5105,2.0,87,4,6,-0.785,577000.0
2,1.5,771,2291,1.0,55,4,8,1.986,632000.0
5,4.5,2785,13230,1.0,1,3,6,-0.265,1102000.0
2,1.5,1017,1698,2.0,50,4,7,0.114,692000.0
6,6.5,2650,9629,2.0,0,1,4,-0.402,1035000.0
5,5.5,2506,14801,1.0,6,3,12,0.44,1353000.0
6,6.0,2304,5084,1.5,33,3,10,1.235,1220000.0
1,1.0,686,1309,2.0,59,3,12,1.664,754000.0
6,4.5,2654,15232,2.0,55,5,6,-0.762,1104000.0
4,4.0,2757,11264,2.0,71,5,11,1.101,1268000.0
6,6.0,2690,18055,1.0,16,4,8,0.55,1287000.0
3,2.0,2032,15428,1.5,17,3,5,0.975,902000.0
6,5.0,2962,22869,1.0,47,3,6,-0.092,1100000.0
4,3.5,2010,8575,1.0,78,1,11,-0.187,966000.0
1,1.0,553,1780,1.5,65,3,10,0.936,609000.0
3,3.0,1868,10192,2.0,60,2,10,0.955,908000.0
1,1.0,401,2239,1.0,8,5,6,1.566,531000.0
6,5.5,3080,17079,2.0,79,4,9,0.199,1350000.0
2,1.5,1260,4525,2.0,88,5,12,-0.107,829000.0
2,1.5,405,775,2.0,52,5,4,-2.46,396000.0
4,2.5,1798,5151,1.0,30,3,6,-1.611,746000.0
3,3.0,1746,4372,1.0,59,3,4,-0.394,780000.0
1,1.0,779,1796,1.0,57,4,4,-1.101,377000.0
5,4.0,2465,18539,1.0,83,3,12,0.814,1222000.0
6,4.5,2345,3729,1.0,9,2,6,-1.31,921000.0
5,3.5,1858,10056,1.0,46,4,5,-0.501,786000.0
4,3.5,1879,14390,1.0,63,3,4,-0.462,798000.0
3,2.0,1559,5987,1.0,31,5,12,1.205,1077000.0
4,2.5,1795,8842,2.0,75,2,8,-0.608,863000.0
4,4.0,2268,13659,2.0,5,3,11,0.452,1132000.0
1,1.0,595,2119,1.0,9,3,6,0.196,540000.0
1,1.0,944,4347,2.0,71,5,9,0.903,667000.0
2,1.5,1220,8310,1.0,11,3,11,0.85,828000.0
3,3.0,1083,6871,1.0,37,1,10,-0.033,789000.0
1,1.0,454,3067,2.0,25,2,8,-1.696,481000.0
1,1.0,854,6762,1.0,61,5,5,-0.232,511000.0
6,6.5,3194,12479,1.0,1,2,6,-0.02,1274000.0
3,3.0,1724,10958,1.0,32,2,9,0.286,949000.0
4,3.5,1382,7488,1.5,88,1,8,-0.738,785000.0
4,4.0,967,5640,2.0,33,4,4,1.141,595000.0
5,4.0,2470,15584,1.0,53,1,5,0.014,978000.0
5,4.0,2221,14155,1.0,88,2,7,-0.92,983000.0
2,1.5,1542,11191,1.0,54,4,5,-0.458,643000.0
6,4.5,2336,8808,1.5,67,5,8,1.929,1073000.0
3,2.0,1655,9512,1.0,86,2,6,0.664,650000.0
6,5.0,2854,9481,2.0,55,2,6,1.048,1093000.0
3,2.0,1416,7596,2.0,74,1,4,-1.042,611000.0
1,1.0,722,4608,1.0,45,3,8,-0.689,561000.0
5,4.5,2258,14997,2.0,73,5,5,-0.681,892000.0
1,1.0,1013,4286,1.0,57,2,9,0.184,626000.0
5,3.0,2246,10796,1.0,30,2,12,-0.174,1091000.0
1,1.0,1142,4191,1.0,50,2,12,-0.489,829000.0
2,1.5,1061,2757,1.5,30,5,10,-0.364,794000.0
4,2.5,1501,4793,2.0,35,3,11,-0.794,1018000.0
6,4.5,3193,23720,3.0,26,4,12,-0.18,1479000.0
3,2.0,1369,4803,1.0,44,4,10,1.113,938000.0
1,0.5,679,5321,1.0,31,4,6,-1.513,456000.0
2,1.5,1180,3622,2.0,56,3,8,0.346,652000.0
6,5.0,2620,16244,1.0,33,3,11,1.38,1279000.0
5,4.5,2134,11162,1.0,44,3,10,-0.183,1031000.0
1,0.5,845,5095,3.0,12,1,7,-0.529,569000.0
3,2.0,1538,8745,2.0,34,3,5,0.924,704000.0
2,1.5,1252,7630,3.0,32,5,5,-0.984,664000.0
2,1.5,493,3641,1.0,86,1,7,-0.023,445000.0
6,4.5,3164,16334,1.0,40,5,11,-1.04,1368000.0
4,3.5,1856,3603,1.0,1,3,8,-1.87,848000.0
2,1.5,1374,4480,2.0,27,2,4,-0.152,587000.0
4,2.5,1487,9076,1.0,65,1,12,-1.263,872000.0
3,3.0,1409,6638,1.0,14,4,7,-0.012,849000.0
1,0.5,648,3283,1.0,14,1,7,1.115,501000.0
3,2.0,1991,10707,2.0,33,3,11,1.854,1114000.0
2,1.5,1024,4083,2.0,32,1,7,0.094,677000.0
2,2.0,1427,9319,2.0,43,5,9,1.019,893000.0
6,5.5,2405,14918,1.0,3,1,12,0.399,1318000.0
5,4.5,2114,12986,2.0,64,5,8,-0.383,1051000.0
1,1.0,776,4772,1.0,19,3,9,-1.925,683000.0
6,4.0,2985,21753,1.0,64,1,7,1.626,1170000.0
4,4.5,1333,7158,1.0,50,4,12,-1.049,1010000.0
6,4.0,2205,17168,1.5,18,5,4,1.383,979000.0
5,4.5,1666,3790,1.0,42,2,6,0.537,798000.0
3,2.5,1224,6864,3.0,3,5,12,-0.976,903000.0
4,3.0,1657,10207,1.5,63,4,8,0.312,937000.0
4,4.5,1416,6516,1.0,27,4,5,2.133,786000.0
5,3.5,2030,6848,2.0,34,2,7,1.536,997000.0
2,2.0,596,3025,2.0,14,1,6,-0.513,502000.0
2,1.5,895,3464,1.0,32,3,8,-0.712,673000.0
2,2.0,1560,11559,2.0,35,5,6,0.1,747000.0
2,2.0,1321,5045,1.0,20,3,7,-0.166,686000.0
1,0.5,906,2394,1.0,88,4,12,1.2,800000.0
1,1.0,549,2880,2.0,25,4,4,0.74,431000.0
6,5.5,2139,8714,1.5,16,2,10,-1.692,1033000.0
1,1.0,508,1079,1.0,49,1,4,0.459,431000.0
6,4.0,2587,13379,1.0,28,5,8,-0.179,1127000.0
1,1.0,1110,5546,1.5,40,4,10,0.037,724000.0
5,4.5,2521,6620,1.0,65,3,12,0.249,1234000.0
2,1.5,1389,7479,2.0,7,3,6,1.199,794000.0
4,2.5,1679,8710,1.5,45,5,4,0.978,670000.0
2,1.5,1207,7880,2.0,1,4,10,-0.75,879000.0
3,3.0,1454,5598,1.0,3,4,12,-0.059,984000.0
3,2.0,1490,4644,2.0,8,4,9,-0.449,883000.0
4,4.0,2511,19292,1.0,14,2,4,-1.682,843000.0
3,3.5,1021,5256,1.0,31,4,8,-0.109,850000.0
4,2.5,1830,3068,1.0,84,5,7,1.845,912000.0
5,3.5,2614,17866,1.0,81,2,8,-1.712,961000.0
3,3.0,1110,3085,2.0,9,3,4,-0.024,594000.0
3,2.0,1357,8969,2.0,89,4,6,-0.056,669000.0
1,1.0,691,4204,2.0,57,3,12,0.288,740000.0
3,3.0,1483,11563,1.5,49,5,4,-0.963,686000.0
1,1.0,400,3111,1.5,71,3,12,-1.425,606000.0
2,1.5,1379,4528,2.0,43,2,8,-1.379,622000.0
6,5.5,2800,18149,2.0,23,1,9,1.331,1242000.0
1,1.0,1003,3570,1.5,47,5,12,-0.983,835000.0
3,2.0,1289,7205,2.0,65,4,5,-0.5,587000.0
6,5.5,2626,14142,1.0,61,3,12,2.105,1398000.0
6,6.0,2330,4321,3.0,15,3,6,-0.734,1030000.0
1,1.0,750,1150,1.0,84,3,7,0.342,510000.0
1,1.0,1496,2806,1.0,25,5,8,1.064,886000.0
3,2.5,1579,3682,2.0,73,4,9,1.016,809000.0
4,2.5,1544,4902,1.0,28,5,6,-1.332,732000.0
6,4.5,2654,19627,1.0,5,5,11,-0.713,1373000.0
2,1.0,794,3868,1.0,89,4,4,0.302,519000.0
1,1.0,490,3273,1.0,52,3,9,1.929,726000.0
2,1.5,888,6171,2.0,19,2,9,-0.762,664000.0
6,6.0,2467,15486,2.0,0,4,8,-0.494,1205000.0
1,0.5,1131,4574,1.5,11,4,9,0.42,794000.0
3,2.0,1724,12266,3.0,15,3,10,0.62,1028000.0
1,1.0,1007,6368,2.0,83,1,12,0.68,762000.0
1,1.0,520,3292,2.0,15,5,5,-0.846,501000.0
6,6.0,2438,17944,1.0,14,5,8,-0.532,1207000.0
1,1.0,932,5025,1.5,75,2,9,0.216,648000.0
2,2.0,1012,4995,1.0,79,3,7,1.262,605000.0
6,4.0,2516,18332,1.0,18,1,12,-0.238,1223000.0
4,4.0,2032,9051,2.0,58,5,8,-0.022,974000.0
1,0.5,745,5048,1.0,48,2,9,-1.026,507000.0
3,3.0,1618,2993,1.5,51,2,5,1.863,678000.0
6,5.0,3078,4643,2.0,28,3,7,0.154,1197000.0
3,2.5,1498,7391,1.0,67,2,9,1.078,828000.0
4,2.5,2254,4459,1.0,79,4,7,0.03,931000.0
4,2.5,2068,16229,2.0,65,5,10,0.085,1074000.0
4,3.0,1460,2242,2.0,81,5,5,-1.5,672000.0
2,2.0,869,5360,1.0,9,3,5,-2.151,486000.0
6,6.0,2350,7243,3.0,59,1,7,1.252,1013000.0
6,6.5,2344,18258,2.0,89,5,6,0.078,1089000.0
1,0.5,823,3276,2.0,48,2,11,0.206,688000.0
5,4.5,2434,4083,1.0,84,5,11,-1.249,1143000.0
5,3.5,2627,4400,2.0,31,2,8,-0.903,1048000.0
5,4.5,2342,11937,2.0,80,3,8,1.062,1028000.0
3,2.5,1416,11206,1.0,84,3,6,1.74,705000.0
3,2.0,925,7278,3.0,56,3,8,-0.621,620000.0
6,5.5,2621,9677,2.0,63,1,10,0.671,1186000.0
1,0.5,858,3979,1.5,47,3,10,0.19,710000.0
5,4.0,2305,4963,2.0,28,3,12,-0.121,1227000.0
6,5.5,3232,15818,1.5,48,5,9,1.852,1490000.0
5,3.5,2622,14154,2.0,86,3,7,-0.453,1060000.0
3,3.0,1786,5594,2.0,1,5,4,1.241,924000.0
4,3.5,1611,8826,1.0,18,2,10,0.381,990000.0
1,1.0,696,5114,1.0,44,2,11,-0.017,701000.0
6,5.5,2572,3874,1.0,30,1,8,1.372,1134000.0
3,3.0,1317,3935,2.0,56,4,12,0.29,995000.0
1,1.0,1000,2864,1.0,32,1,6,-0.096,498000.0
5,5.0,2357,5433,2.0,59,2,4,1.379,855000.0
4,3.5,1574,4060,1.5,9,5,9,1.249,1077000.0
4,3.0,2259,12579,1.0,29,4,5,1.202,889000.0
1,0.5,881,1910,2.0,62,3,4,-3.888,328000.0
5,4.5,1731,10906,1.5,42,5,10,0.44,1028000.0
4,2.5,1885,13696,1.0,64,4,7,0.212,924000.0
5,3.5,2334,17558,1.0,57,5,9,-0.035,1163000.0
5,3.0,2542,14721,1.0,29,4,10,0.61,1224000.0
2,1.5,1099,3059,1.0,38,3,7,0.261,714000.0
2,1.5,1448,2975,1.0,86,1,9,0.678,741000.0
6,5.5,2656,7990,2.0,86,2,8,-0.268,1197000.0
4,4.0,1505,11668,1.0,3,4,9,1.498,1037000.0
3,3.0,1125,8725,1.0,63,2,10,0.779,769000.0
2,1.5,1537,6121,1.0,44,4,7,0.543,778000.0
4,3.5,2259,8172,1.0,0,1,8,0.494,1013000.0
5,4.5,2347,11301,3.0,57,1,9,1.157,1074000.0
1,1.0,1299,4411,1.0,2,2,5,1.022,557000.0
4,3.5,2217,17443,1.0,28,2,5,-0.113,890000.0
6,4.0,2805,8241,1.5,62,5,4,0.99,988000.0
2,2.0,927,3615,2.0,73,2,5,0.174,387000.0
2,1.5,1719,7376,2.0,37,3,7,1.917,826000.0
