ram_gb,storage_gb,screen_size,weight_kg,cpu_score,gpu_score,age_years,price
16,256,12.0,1.8,5381,3209,3,912.0
32,1024,12.5,1.38,12751,13736,5,1990.0
16,256,14.8,2.06,3634,7953,5,1094.0
8,1024,16.9,2.41,8392,2067,2,1084.0
8,1024,14.0,2.31,22301,19385,1,2068.0
32,2048,12.3,1.28,13646,16336,2,2342.0
4,256,14.7,1.18,8757,7103,1,1045.0
32,256,17.0,2.02,19558,3632,4,1792.0
16,512,16.5,2.32,17452,12325,5,1704.0
8,2048,16.7,2.0,5383,19942,5,1494.0
8,1024,13.6,1.5,3510,5758,1,1310.0
8,256,12.7,1.07,13581,1463,5,935.0
8,1024,16.5,2.48,13101,3507,5,1076.0
8,1024,16.0,1.31,14561,15261,4,1739.0
16,2048,16.4,2.14,17139,18581,3,2322.0
16,1024,13.5,1.96,7323,3473,2,1343.0
64,1024,12.8,1.8,17051,770,2,2589.0
16,1024,12.5,1.58,17125,11031,4,1765.0
16,512,16.5,1.98,10138,10979,1,1828.0
64,256,16.8,1.29,8560,7757,1,2636.0
8,1024,13.3,1.71,20651,4324,2,1350.0
8,256,16.5,2.19,15558,17567,1,1693.0
16,512,13.4,1.5,18457,16787,0,1914.0
4,2048,13.8,1.44,15577,5841,1,1296.0
4,512,14.6,2.05,13326,4554,5,1013.0
16,512,12.4,1.57,19473,14541,4,1639.0
8,2048,12.7,1.48,4700,8564,2,1333.0
32,256,12.7,1.51,23566,18835,5,2316.0
16,2048,12.6,1.51,18733,17445,3,1940.0
16,1024,14.2,2.1,23374,1751,4,1440.0
8,512,11.6,1.18,6386,6080,0,1173.0
8,512,15.9,2.03,14046,14424,1,1566.0
4,256,12.1,1.98,14402,1575,0,996.0
8,1024,13.8,2.02,8781,2135,3,1100.0
16,256,15.0,1.54,17600,5539,4,1389.0
8,256,11.9,0.9,8329,15686,2,1486.0
8,1024,13.6,1.72,16759,19457,2,1676.0
4,512,14.5,2.23,20303,17210,4,1500.0
32,512,14.5,2.03,22110,5019,0,1937.0
8,1024,16.6,1.49,19725,3215,2,1451.0
8,256,15.9,0.98,13218,4002,2,1161.0
32,256,11.8,1.28,20469,17742,1,2431.0
16,512,16.2,2.44,15351,14080,2,1846.0
32,256,14.5,1.42,21336,9044,1,2193.0
16,512,15.3,1.73,18054,11092,4,1814.0
16,1024,12.0,1.05,15430,6514,0,1798.0
4,512,14.0,2.39,16968,14593,0,1625.0
16,512,15.4,1.59,22744,19327,2,2000.0
16,256,16.0,1.27,24946,13166,0,1896.0
32,256,16.1,2.39,17457,7992,2,1978.0
8,1024,12.4,1.32,3297,6035,4,900.0
16,256,16.2,2.05,16890,4590,2,1416.0
4,512,14.6,1.47,15149,15396,4,1329.0
8,256,15.2,1.49,21414,6929,3,1191.0
8,2048,16.4,1.45,20687,9522,3,1928.0
8,256,13.6,1.35,17345,18143,5,1327.0
32,512,16.8,1.84,7678,19092,3,2077.0
8,512,16.6,1.52,19892,19690,4,1828.0
64,1024,16.1,2.33,6143,679,5,2090.0
16,2048,13.4,1.71,23456,9374,3,1982.0
16,1024,14.3,1.99,9223,8140,1,1651.0
16,512,12.1,1.04,11699,10128,2,1441.0
16,256,15.8,2.44,15716,10525,0,1607.0
8,1024,16.6,1.69,19523,12162,1,1725.0
8,2048,12.0,1.38,4370,12092,1,1249.0
8,256,15.7,2.15,9567,16872,3,1584.0
8,1024,15.4,1.91,12218,13028,0,1665.0
4,256,11.2,1.15,13702,677,0,890.0
64,512,16.8,1.88,13651,6382,0,2766.0
8,512,14.0,2.19,22218,16015,0,1867.0
16,512,12.7,1.66,15894,15424,5,1703.0
8,2048,11.2,0.96,24418,19464,3,1805.0
32,512,15.9,1.72,19924,11155,3,2065.0
16,512,13.1,1.3,23846,8404,0,1615.0
4,1024,14.2,1.46,16935,19670,3,1724.0
32,512,12.2,1.6,19667,9036,5,1817.0
32,512,14.8,2.24,15452,3572,1,2119.0
32,512,13.5,1.15,21664,19176,4,2264.0
16,512,16.1,2.4,8914,8352,2,1410.0
4,256,15.2,2.28,22459,8434,3,1224.0
8,256,15.5,1.9,12349,15345,4,1478.0
32,256,12.6,1.31,16418,7846,5,1506.0
16,512,11.4,1.66,7621,17699,2,1648.0
8,256,16.5,1.46,8357,17256,0,1688.0
32,1024,16.9,2.64,10500,4087,5,1623.0
16,1024,15.1,1.4,3389,9727,1,1435.0
16,512,16.8,2.13,21463,2042,5,1503.0
8,512,15.4,2.19,19745,13116,3,1753.0
8,1024,14.8,2.25,14535,8647,1,1423.0
8,512,13.6,2.22,19726,6084,5,1197.0
4,512,13.2,2.22,18173,981,1,1275.0
32,512,14.1,1.37,19082,13761,0,2246.0
8,512,12.4,1.7,10342,1586,1,1004.0
16,2048,13.7,1.94,15761,7673,3,1535.0
8,256,14.2,1.06,3119,10625,4,1028.0
16,2048,11.2,1.51,17473,15778,5,1743.0
4,512,13.5,2.29,5799,6824,4,785.0
8,1024,12.8,1.68,18805,10104,0,1527.0
4,512,15.0,0.93,18719,15606,3,1363.0
4,1024,16.1,1.61,14696,18427,4,1421.0
64,512,14.9,1.81,9063,16758,5,2605.0
16,1024,15.2,1.31,17488,11175,4,1764.0
8,256,14.9,1.65,8836,3778,4,894.0
16,512,12.6,2.27,7934,17221,2,1476.0
32,512,13.4,1.9,17918,15706,2,2252.0
8,256,16.3,1.89,14751,9088,3,1398.0
16,256,17.0,1.79,6549,14390,1,1596.0
16,1024,12.1,1.26,16829,13551,5,1496.0
8,1024,11.1,1.88,19778,3338,4,1185.0
16,512,17.1,1.91,15511,5707,2,1618.0
16,512,16.4,2.6,10871,17260,2,1673.0
32,512,14.8,1.4,8657,11933,2,1987.0
8,256,16.1,2.0,4832,1730,0,1078.0
32,512,14.7,2.09,5788,13428,3,1976.0
4,512,16.7,1.48,21251,7922,5,1184.0
16,512,12.5,1.44,17398,4223,0,1630.0
32,512,13.8,1.52,19988,3518,5,1757.0
4,256,15.2,0.88,5476,11104,4,940.0
8,1024,12.4,1.21,16644,6590,0,1590.0
32,512,15.5,1.53,20473,18472,0,2638.0
4,1024,12.7,1.4,6978,6362,4,781.0
16,512,15.5,1.81,7005,4434,5,1356.0
16,256,16.1,1.52,17035,1892,2,1303.0
16,512,13.7,1.76,19983,10020,5,1382.0
16,512,17.2,1.91,23009,4932,5,1491.0
8,2048,15.0,2.16,10824,16828,4,1719.0
8,1024,15.8,1.25,9046,13642,5,1430.0
8,256,11.1,1.53,22829,8808,5,1166.0
8,1024,11.7,1.62,15343,19322,0,1934.0
8,256,15.5,1.88,7963,1083,3,973.0
32,512,16.9,1.19,4914,4049,0,2023.0
16,512,15.0,1.35,6467,10746,1,1874.0
8,512,16.8,1.4,24258,3445,0,1640.0
8,512,11.4,1.89,17852,9513,3,955.0
64,512,16.6,1.85,19913,1401,4,2547.0
8,512,16.5,2.34,20020,18589,4,1564.0
64,512,15.0,2.46,15976,15924,1,3052.0
16,512,13.7,1.14,10688,13446,0,1746.0
16,512,15.4,1.64,8603,19866,0,1788.0
32,512,12.5,1.11,13383,15640,4,1835.0
16,512,15.2,1.61,19093,6417,3,1518.0
16,512,15.4,2.29,17559,7676,1,1627.0
8,512,14.4,1.36,13228,12455,1,1213.0
32,512,12.6,1.94,9494,17977,3,2095.0
8,256,11.0,1.15,21311,6921,2,1288.0
32,512,12.2,1.47,11558,16654,1,2111.0
4,256,16.3,1.87,6347,19056,1,1520.0
8,512,12.3,1.18,15453,2274,1,1059.0
16,256,11.5,1.52,5443,6557,5,972.0
64,512,12.6,1.25,9663,13384,5,2683.0
8,1024,14.3,1.72,9015,7808,4,1289.0
32,512,14.7,1.26,6211,18138,4,2034.0
16,256,16.5,1.42,17422,10181,0,1799.0
16,512,16.4,2.8,22989,13178,0,1903.0
16,256,17.1,2.3,8199,5772,1,1588.0
64,1024,16.6,2.13,5697,19437,4,2979.0
8,256,13.8,1.97,9911,10505,4,1066.0
8,512,11.9,2.01,24712,5588,5,912.0
8,512,17.0,1.73,20748,17799,0,1868.0
4,256,12.4,2.22,21579,11961,4,999.0
8,512,14.9,1.68,9497,8923,0,1541.0
32,256,12.7,1.59,12832,10901,4,1782.0
32,1024,16.1,1.68,5712,6018,1,1812.0
4,2048,12.3,1.22,21934,6258,1,1522.0
16,512,13.7,0.93,16657,4902,0,1912.0
8,1024,12.4,1.31,4414,15735,4,1396.0
16,256,16.4,1.89,19466,7534,4,1368.0
16,512,14.9,2.17,15376,8909,2,1554.0
8,512,15.0,2.22,4197,14734,1,1238.0
64,256,13.0,1.44,10778,13166,5,2345.0
8,1024,12.1,1.45,16291,4596,1,1339.0
16,1024,16.4,2.03,9616,15752,4,1966.0
16,256,15.8,2.07,7130,19599,2,1910.0
8,256,15.6,1.99,22685,14681,1,1752.0
4,1024,17.3,2.17,23715,15046,2,1749.0
8,2048,14.5,1.77,3841,2457,5,1023.0
16,512,12.1,2.14,4229,8261,1,1398.0
32,1024,14.8,2.26,21964,1577,4,1657.0
16,2048,12.8,1.79,9396,2797,4,1092.0
4,1024,14.2,1.55,4731,16495,1,1645.0
32,512,13.9,1.99,13583,3745,3,1720.0
32,256,14.6,2.21,17903,13180,1,2345.0
32,512,16.8,1.73,10553,6179,0,2037.0
16,512,16.1,2.76,9284,3388,0,1594.0
32,2048,13.6,1.47,10337,15269,2,2200.0
4,512,16.1,2.01,14592,3035,4,1072.0
4,512,16.4,2.19,10640,18388,1,1761.0
4,256,15.9,2.6,23356,10201,0,1688.0
8,512,14.5,1.85,20169,19476,2,1728.0
8,512,16.7,3.23,20542,3969,1,1509.0
8,1024,14.1,1.15,8444,16860,1,1546.0
16,256,11.7,0.85,5181,18646,4,1268.0
4,512,12.7,1.44,23376,17268,0,1810.0
16,512,15.1,2.05,9714,4866,1,1574.0
8,512,13.4,1.52,14011,9762,5,1261.0
16,256,13.7,1.14,13736,18902,1,1712.0
4,512,13.5,1.38,16802,1700,2,1168.0
8,1024,12.2,1.71,18770,14457,0,1796.0
32,256,11.6,1.45,6533,10453,0,1770.0
16,256,11.3,1.53,3123,11339,0,1071.0
32,512,15.2,1.87,18589,10668,3,2174.0
16,256,13.0,2.12,22006,13587,3,1775.0
16,1024,13.9,2.11,20903,15709,2,1982.0
8,1024,16.9,1.4,21520,13994,0,1754.0
16,2048,14.9,1.44,4552,1266,1,1273.0
4,1024,16.1,1.41,24036,6063,5,1460.0
32,512,15.8,1.59,8771,11821,4,1965.0
64,256,17.0,1.88,7454,10018,0,2883.0
32,1024,11.4,1.43,19893,11240,5,1894.0
4,1024,13.4,1.39,7691,1793,1,1065.0
8,1024,17.0,1.98,15082,11244,2,1539.0
8,512,13.9,1.24,21322,1435,1,1293.0
4,1024,17.0,2.89,21732,2480,2,1225.0
16,256,12.2,1.39,14323,18899,5,1591.0
16,512,11.4,1.06,13868,16196,1,1683.0
8,512,16.6,2.08,8395,17085,4,1541.0
32,512,13.6,1.43,9211,4530,5,1605.0
16,512,14.2,0.9,3373,15195,0,1576.0
4,256,16.9,2.08,12833,602,1,1294.0
16,512,12.4,1.1,7765,2527,0,1165.0
32,512,17.1,1.55,16581,12394,3,2210.0
8,512,13.5,2.05,17850,12663,0,1731.0
16,1024,12.6,1.53,9970,1549,1,1470.0
16,512,12.5,1.62,19122,14446,4,1358.0
16,512,14.3,1.86,24945,17788,5,1958.0
4,2048,13.9,1.76,10793,8894,4,1414.0
16,256,16.6,1.76,16133,11548,4,1765.0
16,512,11.3,1.35,23187,7869,3,1265.0
32,256,11.3,1.39,5253,18390,2,1827.0
32,512,12.0,1.22,14213,14662,2,2038.0
8,2048,14.8,2.07,8140,13532,3,1481.0
16,256,15.9,1.59,14386,700,2,1494.0
32,1024,14.0,1.18,9583,13529,0,2121.0
32,1024,14.9,1.35,11682,9676,3,2123.0
8,512,15.0,2.4,5717,14229,1,1455.0
4,1024,11.1,1.59,11873,5501,0,996.0
16,512,12.6,1.57,18994,3104,2,1286.0
8,512,17.3,1.86,10897,9153,4,1222.0
16,512,13.1,1.73,6839,9703,3,1324.0
32,256,17.0,2.49,21142,11275,4,2184.0
8,512,14.1,1.42,6656,1272,4,829.0
8,512,12.4,1.49,12683,8699,4,1232.0
8,2048,11.0,1.69,8149,13350,1,1327.0
16,512,12.4,1.24,8089,17597,1,1325.0
4,256,13.0,1.4,22570,2781,3,1053.0
8,2048,13.8,1.39,12576,17698,1,1917.0
4,256,13.8,1.12,22428,6743,5,1092.0
16,2048,14.5,1.79,23362,15310,5,1853.0
32,1024,14.0,1.7,17514,2254,5,1747.0
8,512,11.2,1.62,17057,15992,5,1547.0
8,512,12.7,1.24,19525,19540,4,1597.0
16,256,17.1,1.26,5310,10262,4,1296.0
8,256,11.2,1.39,16504,12217,3,1182.0
8,256,15.6,1.98,12221,5785,4,1327.0
8,512,14.0,1.08,14645,3516,0,1326.0
8,512,15.5,1.91,13266,16405,2,1662.0
4,2048,13.1,1.18,22066,18312,3,1979.0
16,512,13.3,1.83,3305,2772,5,1046.0
16,2048,14.3,1.11,20021,15576,4,1891.0
8,1024,16.7,2.54,24151,12086,4,1765.0
4,256,13.1,1.31,21947,15601,0,1755.0
16,512,11.5,1.11,23155,12850,2,1819.0
4,256,11.2,0.8,6917,18689,2,1397.0
4,256,16.6,1.74,5233,2628,4,742.0
4,2048,13.0,1.21,8274,932,1,1141.0
4,512,11.8,1.07,15149,4482,0,1120.0
32,256,14.8,1.23,4929,2409,1,1721.0
8,256,16.3,1.34,9875,13608,2,1381.0
8,512,14.8,2.1,6162,11125,0,1418.0
32,512,12.0,1.36,7660,17223,5,1677.0
16,256,13.6,2.34,14214,18236,3,1652.0
8,1024,12.7,1.48,9033,8120,2,1198.0
8,256,11.1,0.9,15017,16489,2,1449.0
32,1024,17.1,2.51,4177,10859,3,1907.0
8,512,13.9,1.99,19587,17046,0,1764.0
16,512,11.8,1.45,18140,14310,3,1612.0
4,512,16.6,1.69,16855,9727,0,1287.0
16,512,17.2,1.96,11066,11844,5,1626.0
16,2048,16.1,1.56,22738,4856,5,1649.0
32,1024,12.6,1.62,18394,9525,1,2091.0
16,256,12.2,0.89,10216,1254,1,1115.0
8,512,14.3,1.86,20937,12943,4,1593.0
4,256,14.7,1.23,23913,2139,3,1069.0
16,256,16.5,2.69,15598,14344,2,1797.0
16,256,17.1,1.69,13363,18291,5,1845.0
8,256,16.7,2.23,10559,16119,1,1777.0
8,2048,13.2,1.92,10033,8092,5,1375.0
16,1024,14.7,1.61,6080,11440,0,1750.0
16,1024,11.8,1.45,4356,12970,5,1136.0
32,512,14.3,1.7,17331,13387,3,2237.0
4,512,11.4,1.1,16225,8992,0,1465.0
8,512,11.7,1.3,17843,4308,1,1357.0
16,512,11.8,0.8,22133,3793,5,1412.0
16,256,12.9,1.75,20186,3650,3,1360.0
16,512,13.0,1.2,7955,936,3,1033.0
64,1024,15.4,1.32,6029,16290,2,3073.0
32,256,11.5,0.92,13733,8752,4,1853.0
32,256,11.7,1.58,4015,4860,2,1360.0
16,512,15.1,1.99,16425,16807,0,2074.0
8,512,15.2,1.64,22340,9020,5,1400.0
16,512,15.5,2.05,19029,15401,1,2034.0
8,1024,15.5,2.55,16340,17756,0,1889.0
16,256,15.2,2.05,21299,6968,5,1563.0
16,256,14.5,1.43,5072,3361,3,1243.0
16,512,15.7,1.68,11981,3159,4,1373.0
8,256,11.5,1.6,18598,13734,2,1269.0
8,1024,12.3,1.9,24521,12390,4,1623.0
8,2048,15.7,2.19,4238,5344,0,1428.0
4,512,12.2,1.57,4475,13096,4,846.0
32,256,14.3,2.25,16906,12706,2,2133.0
16,256,12.6,1.01,17774,17761,5,1468.0
8,1024,13.7,1.06,15207,16422,5,1604.0
16,2048,16.3,2.28,5129,6699,3,1723.0
16,512,15.2,2.38,18735,16498,1,1867.0
8,512,13.8,1.27,14155,12639,3,1509.0
32,512,12.7,1.13,5068,15663,4,1865.0
32,512,16.1,1.24,3632,18436,5,2014.0
8,1024,15.1,1.92,22988,10599,1,1570.0
4,512,13.8,1.34,21550,2744,3,1220.0
16,256,16.5,1.74,23688,11100,3,1806.0
64,256,15.4,1.9,6674,17862,4,2829.0
4,256,17.2,1.24,24662,3852,3,1347.0
16,1024,15.2,2.24,14543,5228,0,1780.0
32,512,16.7,1.62,19851,2775,0,2129.0
32,2048,14.5,1.75,17260,16462,4,2432.0
4,256,15.5,1.51,9856,15084,4,1408.0
4,512,16.3,1.89,10435,8340,5,1068.0
64,1024,11.6,1.36,24527,1518,2,2837.0
4,512,14.0,0.8,23456,18679,1,1846.0
8,256,14.8,1.7,16513,18688,1,1791.0
16,512,11.4,0.93,15845,6259,0,1482.0
8,512,16.0,2.08,18805,4122,1,1498.0
16,512,15.5,1.35,21881,17772,2,2179.0
8,512,16.9,1.73,17549,14541,5,1497.0
32,256,13.3,1.83,8075,7866,1,1864.0
8,2048,14.0,2.18,7546,9229,5,1290.0
16,512,16.7,1.59,24002,13436,2,1851.0
4,1024,13.6,2.34,21768,12448,2,1565.0
8,512,16.3,2.15,7372,3457,5,1082.0
4,256,13.7,1.38,17230,15253,1,1456.0
8,256,13.1,1.29,11863,5124,5,731.0
8,256,12.7,1.72,7859,6274,4,944.0
16,256,12.3,1.56,15637,16841,1,1688.0
8,256,13.7,1.35,11315,16592,0,1821.0
4,512,12.0,1.78,21339,14361,0,1574.0
64,512,16.2,2.04,6158,15228,5,2656.0
32,512,17.1,2.76,18684,4517,0,2012.0
32,1024,11.6,1.48,12522,11816,0,2132.0
8,256,11.3,1.08,23003,2192,4,1010.0
8,256,11.0,1.62,24769,11697,0,1491.0
8,1024,16.9,1.75,14810,15173,3,1660.0
4,512,11.5,1.46,11442,7989,2,971.0
4,512,15.3,2.42,20493,12587,3,1585.0
16,256,12.9,1.31,11699,19398,2,1601.0
4,512,12.2,1.58,12296,6104,3,980.0
8,256,12.6,1.48,20667,8057,0,1396.0
32,1024,15.3,1.57,3659,9414,2,1714.0
8,1024,11.1,1.71,4821,5200,1,1255.0
8,512,16.4,2.36,7982,10512,4,956.0
16,256,14.6,1.4,5633,11386,5,1432.0
8,1024,12.5,1.54,3893,8732,2,984.0
16,256,12.3,1.89,19406,18459,4,1703.0
8,512,15.1,1.83,4423,17820,1,1773.0
16,1024,15.0,2.44,5867,18555,0,1609.0
16,1024,13.0,1.61,3874,11424,4,1166.0
16,1024,13.1,1.67,16449,11773,5,1685.0
8,512,13.9,1.54,6831,2244,5,834.0
16,1024,16.7,1.6,20968,8146,2,1775.0
32,512,14.4,1.25,17577,7180,5,1808.0
8,256,16.3,2.54,15387,15069,5,1264.0
4,512,15.0,1.81,7016,16011,0,1476.0
4,512,14.5,1.42,4764,11401,1,1393.0
64,1024,14.1,1.8,24048,934,0,2846.0
32,1024,15.3,1.6,7541,16544,1,2243.0
8,256,14.1,1.8,12548,10496,1,1514.0
64,256,15.6,1.81,14888,16748,4,3120.0
8,512,12.1,1.77,15896,6758,5,978.0
16,512,13.0,1.85,23990,14194,2,1880.0
8,2048,16.5,1.47,6709,15249,0,1773.0
32,2048,13.5,1.51,17384,19470,1,2522.0
4,2048,16.3,2.42,16870,18384,3,1754.0
8,1024,16.9,2.85,18331,13149,3,1548.0
16,512,14.6,1.46,24452,2094,3,1310.0
4,256,11.6,0.98,16099,19507,3,1201.0
8,512,15.8,1.97,21036,5695,5,1170.0
8,256,15.2,1.46,10171,13212,1,1483.0
32,1024,12.8,1.46,8616,8391,4,1874.0
16,256,16.4,2.09,16369,4757,4,1312.0
32,256,14.0,1.29,12480,18117,5,1962.0
16,512,11.4,1.33,3210,12738,4,1305.0
16,512,11.4,1.75,13377,7228,0,1571.0
32,1024,12.4,1.77,12111,15471,4,1968.0
16,256,14.8,1.18,20565,19502,5,1816.0
16,256,16.1,1.95,20860,8751,3,1859.0
8,1024,11.6,1.73,16365,7095,5,1086.0
8,1024,11.1,0.94,7498,3771,1,1050.0
16,512,14.9,1.79,14518,7258,4,1215.0
8,512,13.6,1.22,17264,7358,4,1291.0
32,256,13.8,1.24,4032,18502,2,1967.0
16,1024,16.2,2.02,18849,15739,1,2268.0
8,1024,16.8,1.97,12791,8636,2,1437.0
32,512,17.1,1.56,6442,4549,0,1998.0
8,256,15.9,2.07,10527,13896,3,1482.0
16,256,11.0,1.12,21871,722,3,1449.0
4,512,11.9,1.39,8650,12607,2,1015.0
64,512,14.7,2.52,8364,17641,1,3113.0
16,256,17.0,1.64,22000,9135,2,1786.0
32,512,11.5,1.27,24178,19449,0,2482.0
8,512,14.2,1.7,11554,14448,3,1362.0
32,256,13.5,1.71,10580,17443,3,1956.0
16,512,13.6,1.9,9025,7757,3,1273.0
16,512,12.7,1.22,16455,16123,5,1317.0
64,512,12.7,1.44,5161,8458,0,2684.0
8,512,12.5,1.83,23869,14728,0,1766.0
8,512,11.6,1.56,5909,7866,0,1060.0
16,256,14.5,2.28,21038,11252,2,1689.0
32,1024,13.8,1.13,22645,1209,0,2362.0
8,512,15.5,1.59,13686,13210,0,1686.0
16,512,15.0,2.34,14837,18287,4,1674.0
8,1024,17.0,1.57,7278,15054,3,1727.0
16,1024,13.1,1.43,14224,5990,2,1411.0
16,1024,16.6,1.64,16526,6907,3,1629.0
4,1024,13.4,1.97,17714,19380,5,1416.0
16,512,15.2,1.36,15932,4502,2,1477.0
4,1024,16.1,2.02,16815,13535,3,1599.0
64,256,13.5,2.05,4407,14032,0,2807.0
8,512,13.8,1.72,3505,13004,5,971.0
8,256,15.0,2.12,11414,12267,4,1228.0
16,256,11.7,1.43,7133,19603,4,1490.0
16,256,14.4,1.77,23255,19812,3,1912.0
16,512,11.6,1.52,18285,8080,0,1623.0
4,256,12.4,1.11,14566,8584,3,1017.0
16,512,14.9,1.24,18004,5098,0,1592.0
16,1024,17.1,1.39,6983,8574,4,1484.0
32,1024,17.3,1.95,19848,18399,0,2530.0
4,256,12.6,0.97,17165,2880,5,927.0
8,512,11.9,1.75,20656,2843,4,1055.0
16,1024,14.3,1.59,12985,790,2,1256.0
16,256,13.8,1.6,17759,6655,1,1487.0
4,256,13.4,2.13,23103,3215,5,924.0
16,256,15.8,2.41,10421,13710,5,1405.0
8,512,15.5,1.59,13781,12044,1,1561.0
8,256,14.5,1.46,17895,17858,1,1708.0
32,512,14.9,1.56,3574,19294,2,1977.0
8,512,14.7,2.37,14544,5918,4,1296.0
8,512,15.3,2.08,6551,2708,1,1197.0
16,512,16.8,1.65,17227,18667,5,1838.0
16,512,17.0,1.96,6858,3620,2,1449.0
16,256,17.2,1.9,4502,2047,3,1195.0
32,1024,16.4,1.83,23926,13796,5,2234.0
8,1024,11.7,0.98,8086,15346,0,1558.0
16,1024,13.8,1.08,10905,6391,5,1626.0
32,256,15.9,1.0,15010,10653,2,2194.0
16,2048,12.9,1.91,10674,1390,2,1538.0
16,512,14.8,1.3,15208,6525,0,1611.0
8,256,11.3,0.88,24474,17809,1,1834.0
16,512,12.3,1.45,3839,15775,4,1623.0
8,512,13.5,1.62,7536,3405,1,1132.0
16,512,11.4,1.69,11351,18642,5,1613.0
8,256,13.7,1.19,16684,9009,5,1331.0
8,256,12.4,1.27,14175,6575,3,1200.0
16,512,16.4,1.69,23849,15213,2,2199.0
16,1024,13.0,1.7,6404,6780,1,1440.0
8,512,13.4,1.35,23019,15710,1,1828.0
32,256,16.1,2.27,4715,762,5,1266.0
8,512,14.5,2.31,6527,19138,5,1607.0
32,256,11.3,1.12,12520,15636,0,2143.0
16,256,12.4,1.63,13363,12054,3,1468.0
8,2048,14.8,1.45,23675,19513,5,2101.0
16,256,12.3,1.36,8545,3386,2,1112.0
4,512,12.6,2.0,13352,1857,3,876.0
8,512,14.9,2.32,18399,2068,5,949.0
32,256,14.1,1.63,16787,10611,0,2131.0
16,1024,12.7,1.97,8413,13039,4,1391.0
16,2048,14.5,1.12,6066,7983,3,1629.0
16,256,15.0,1.45,6892,10939,0,1571.0
16,512,11.2,0.9,11914,17289,4,1481.0
16,512,12.7,1.99,8982,5359,5,1045.0
8,256,12.9,2.18,14448,3505,3,999.0
8,512,16.5,2.16,5875,3717,2,1032.0
8,1024,11.3,1.01,4119,16488,2,1474.0
8,1024,13.2,2.0,18761,7330,1,1548.0
8,512,12.2,1.45,18356,18578,3,1607.0
64,256,15.4,2.52,9149,6114,5,2210.0
8,256,16.1,1.75,11909,12255,1,1554.0
8,512,11.4,1.0,11800,7414,2,1026.0
8,1024,16.4,1.58,4924,8603,4,1222.0
16,512,15.4,1.5,9057,7352,4,1338.0
32,512,12.4,1.35,8760,4879,3,1532.0
32,1024,16.8,1.48,11364,15174,4,2051.0
8,256,12.8,1.16,17972,8547,5,1081.0
8,256,16.0,2.24,9715,9501,1,1577.0
32,256,11.5,1.32,16196,10851,0,2004.0
8,2048,13.9,1.58,10776,17033,5,1540.0
16,256,14.2,1.91,14112,9070,1,1670.0
4,256,16.6,1.34,18596,10289,3,1438.0
32,512,16.3,1.23,15056,10983,5,2074.0
8,512,14.4,1.57,6824,6163,0,1107.0
8,256,11.3,1.36,24757,1006,3,995.0
8,1024,13.7,1.98,18106,18523,3,2080.0
8,256,13.4,0.87,16900,2379,3,1109.0
32,1024,17.3,2.35,10641,13203,0,2257.0
32,256,15.3,1.71,9957,16592,3,2054.0
8,1024,13.6,1.57,5058,16938,5,1396.0
16,256,13.3,1.83,12444,7588,4,1131.0
8,1024,15.8,1.64,5634,5042,3,1174.0
8,1024,11.6,1.32,12537,1248,0,1190.0
16,256,16.1,1.46,22810,19478,2,2161.0
8,256,15.2,2.46,23376,18399,1,1856.0
8,512,13.7,1.16,3923,12883,4,1083.0
16,512,15.5,1.24,15601,4338,3,1350.0
16,512,13.5,1.82,9078,7807,4,973.0
4,1024,11.9,1.37,6944,18969,2,1516.0
16,512,13.6,1.9,21997,5396,4,1271.0
32,512,11.3,1.5,5261,17882,2,1882.0
8,512,11.5,1.15,4748,2427,1,1133.0
4,512,13.8,1.84,5109,9086,2,996.0
16,512,16.2,1.31,7641,1141,0,1470.0
8,256,12.3,1.24,9420,7775,5,919.0
16,256,14.2,2.27,8913,4322,5,1135.0
8,256,17.2,1.85,7692,19623,2,1613.0
16,256,16.2,2.52,21387,6542,5,1379.0
8,1024,16.7,1.42,20954,5976,1,1798.0
8,256,15.3,2.05,5546,10847,2,1187.0
16,256,14.7,1.87,6339,7176,0,1273.0
16,512,14.7,1.75,23802,8260,2,1696.0
8,512,14.8,2.12,19378,7817,2,1480.0
64,256,13.9,1.5,5637,1385,2,2178.0
8,512,13.3,1.61,5666,7794,5,1019.0
8,512,12.5,2.13,15441,3315,1,1260.0
8,512,11.4,1.21,3017,1523,3,996.0
4,2048,13.3,1.66,20011,858,5,1061.0
8,1024,15.9,2.01,23863,11659,2,1826.0
16,512,14.5,1.6,15289,1288,3,1102.0
16,512,12.0,1.31,21816,6954,5,1341.0
8,512,16.1,2.04,14164,6300,4,1216.0
4,256,11.3,1.36,22131,8423,4,1178.0
8,2048,16.9,2.67,12626,12951,3,1657.0
16,256,15.1,2.0,9361,9706,1,1503.0
8,256,14.5,2.43,8558,3489,0,1055.0
32,512,13.6,1.98,3069,19632,2,1954.0
16,512,16.2,1.02,24836,17729,0,2291.0
16,256,11.0,1.07,3538,9348,3,1214.0
16,2048,11.1,0.8,11884,19752,0,2168.0
16,512,14.3,1.48,9698,5813,3,1431.0
8,512,12.9,0.98,17070,12493,2,1630.0
8,256,13.5,1.84,19038,19592,5,1300.0
8,1024,14.4,2.22,15814,1442,3,1091.0
8,256,11.3,1.12,4807,3578,5,672.0
4,512,17.2,1.94,24160,4040,5,1151.0
8,1024,15.3,1.78,21610,17139,1,2037.0
16,2048,11.6,0.8,8369,10464,5,1552.0
4,1024,15.7,2.54,15080,9109,3,1290.0
4,1024,14.4,1.18,6409,18730,4,1388.0
8,256,15.3,1.51,15038,12177,2,1620.0
8,256,15.6,1.82,22780,19647,2,1809.0
64,512,17.2,2.27,21930,19954,0,3405.0
4,256,11.7,1.66,14197,14867,2,1391.0
8,2048,17.3,1.69,13161,1126,1,1559.0
8,256,14.0,1.35,17105,17861,4,1685.0
8,512,12.3,0.97,15683,5354,2,1270.0
4,256,13.4,1.3,16753,2394,2,1136.0
8,256,13.3,1.68,24204,4135,0,1385.0
8,512,16.6,1.49,20211,10390,4,1387.0
8,256,14.3,1.3,18573,12397,2,1521.0
16,1024,11.4,1.34,21430,9826,4,1274.0
8,512,15.5,1.34,3752,11175,1,1380.0
16,512,14.1,1.92,18431,4724,0,1720.0
8,1024,16.1,2.1,8231,2524,0,1295.0
8,1024,11.3,1.73,3109,11499,4,1014.0
32,512,16.4,2.58,3102,15290,4,1963.0
8,1024,16.6,2.34,21418,11477,0,1821.0
32,2048,11.1,1.18,16564,12645,1,2409.0
32,512,14.0,1.8,3933,19444,1,2354.0
16,512,11.8,1.6,14921,7897,3,1460.0
4,1024,14.3,1.25,21869,1806,5,1216.0
16,2048,11.6,1.21,23196,5795,4,1718.0
16,512,16.6,1.62,3024,6333,3,1312.0
16,256,12.2,1.02,9067,13491,1,1586.0
8,1024,15.2,1.53,20037,3836,5,1262.0
64,512,15.1,2.05,7632,13207,5,2705.0
32,256,13.0,1.21,17051,4850,5,1452.0
4,512,12.4,1.15,17379,9968,4,1144.0
8,512,16.8,2.12,3571,6707,1,1284.0
4,1024,11.3,1.31,7201,15584,0,1308.0
32,512,12.6,1.66,19582,7693,4,1821.0
32,256,13.1,1.32,20947,7536,2,1895.0
64,256,14.7,2.3,15749,19170,2,3085.0
16,512,13.3,1.03,21091,1924,4,1449.0
16,2048,11.7,1.43,5662,6903,0,1744.0
16,256,14.6,2.36,8219,6850,0,1485.0
16,512,15.6,1.66,22289,9935,0,1832.0
64,2048,15.4,2.01,4210,4609,1,2767.0
16,256,14.1,1.66,16005,3734,0,1570.0
8,256,12.9,1.25,16812,804,3,1187.0
16,1024,11.1,1.16,13178,4801,3,1074.0
4,256,14.4,2.08,11034,14013,4,1207.0
16,2048,15.0,1.65,23797,4726,3,1606.0
16,1024,13.8,1.85,22791,5460,3,1688.0
8,256,17.0,1.84,7468,11593,5,1228.0
32,512,12.3,1.8,17115,10179,4,1897.0
16,512,16.1,1.31,6879,6365,1,1579.0
8,512,15.5,1.99,6174,5959,1,1237.0
4,512,16.7,2.41,22632,5917,4,1193.0
4,512,16.8,2.75,16531,840,2,1141.0
8,256,12.5,1.28,6529,10710,1,1357.0
8,256,16.8,1.64,8622,10050,1,1382.0
8,256,13.5,1.9,20988,820,1,1224.0
32,1024,15.3,1.8,21020,7573,0,2137.0
8,1024,17.0,1.54,7617,17336,3,1735.0
32,512,14.8,2.2,7350,10981,2,1811.0
16,512,14.7,1.78,20906,1503,2,1387.0
32,512,11.4,1.75,24943,11885,0,2203.0
8,256,14.8,1.51,11977,8521,5,1005.0
4,512,12.5,1.41,24491,17318,4,1500.0
16,2048,13.4,1.22,16582,19776,1,2346.0
8,512,13.4,1.57,23695,3583,0,1560.0
4,512,17.1,1.77,16358,3775,1,1469.0
16,2048,15.0,2.54,15670,15695,2,2168.0
16,256,15.6,1.51,11684,1377,5,1012.0
8,1024,12.1,1.61,22846,12902,4,1569.0
8,256,12.9,0.97,14406,9974,5,1318.0
32,1024,16.5,1.36,5573,1769,2,2006.0
8,1024,11.8,0.9,17287,12796,0,1501.0
16,1024,17.0,1.53,8599,15480,1,1723.0
4,2048,13.7,2.05,6001,7955,2,1298.0
32,1024,13.5,1.95,3639,3619,0,1692.0
4,2048,14.2,1.87,23149,4792,3,1348.0
16,256,13.8,1.43,6308,2271,0,1310.0
4,512,14.0,1.24,21113,13974,0,1579.0
16,256,13.7,1.54,21116,10594,3,1363.0
32,256,15.4,2.16,7578,12000,2,1888.0
4,512,12.7,1.44,14843,11417,5,1119.0
8,1024,12.0,2.02,7955,7267,4,1096.0
16,1024,13.7,0.8,16715,16701,1,2098.0
16,256,11.6,1.34,11680,12505,4,1378.0
8,2048,13.8,1.72,21126,5832,3,1516.0
16,256,14.1,1.91,19976,16880,0,1889.0
8,256,15.9,2.33,14720,4629,3,975.0
32,1024,11.7,0.89,14369,10537,1,2023.0
8,1024,13.5,1.73,6909,3039,0,1303.0
16,1024,15.9,1.07,9927,8062,1,1744.0
16,512,13.1,1.07,18193,14372,1,2070.0
16,512,16.3,1.15,19906,12506,4,1740.0
8,1024,15.5,1.89,10490,17639,2,1446.0
16,512,11.3,1.24,7302,10347,0,1571.0
16,1024,13.4,0.8,9765,3415,2,1499.0
8,1024,15.8,1.96,18587,2425,5,1051.0
4,512,14.3,2.31,12722,19249,4,1193.0
64,1024,15.2,1.24,19579,18112,0,3405.0
16,512,17.2,2.61,6540,17420,1,1862.0
8,1024,15.3,1.91,5243,2922,3,907.0
16,512,14.4,1.64,16580,2969,3,1325.0
8,512,16.3,2.6,15539,14980,4,1383.0
8,512,13.7,1.72,15726,18190,1,1556.0
32,512,11.1,1.27,16066,8948,5,1549.0
8,512,12.7,1.32,17741,13995,1,1602.0
8,256,14.7,2.03,24366,15777,3,1615.0
8,2048,17.0,1.59,9876,18280,3,1749.0
4,2048,14.8,1.37,9574,10698,5,997.0
8,256,12.8,1.27,8591,16504,2,1586.0
8,2048,17.3,1.66,13119,16502,3,1738.0
8,512,13.5,2.09,13904,12734,5,1209.0
4,256,12.4,1.65,23590,9662,1,1275.0
8,1024,14.5,1.54,6744,792,2,1091.0
8,512,13.2,2.1,5872,5319,2,836.0
16,1024,11.7,1.28,20933,2524,1,1555.0
32,1024,15.5,1.42,22734,15521,3,2373.0
8,512,15.4,1.72,3833,16968,0,1650.0
16,256,17.1,2.29,11041,16637,3,1574.0
16,1024,11.9,1.4,15382,6086,5,1227.0
4,512,16.7,1.5,10558,10300,4,1175.0
4,1024,16.0,1.51,6430,7780,3,1392.0
32,256,12.6,1.75,24890,18616,3,2114.0
8,1024,14.0,1.21,5781,4830,5,999.0
32,1024,15.0,2.73,11589,14297,2,2034.0
4,512,13.0,0.99,16881,7099,1,1325.0
16,512,11.7,0.83,8439,18686,3,1679.0
32,512,16.3,1.41,19112,8345,3,2079.0
32,256,12.0,1.34,7561,4311,3,1534.0
4,256,14.1,1.57,24047,7430,4,1271.0
16,512,13.8,2.01,18303,18898,0,1945.0
8,256,16.7,2.95,24339,9481,1,1597.0
16,1024,14.5,1.38,16988,15469,1,1770.0
4,512,13.7,1.87,9142,2559,3,822.0
8,512,17.2,1.45,8258,18884,3,1507.0
32,256,13.2,1.53,16115,9096,5,1707.0
8,512,15.6,1.58,13891,7324,4,1315.0
8,1024,12.5,1.84,23410,5326,2,1465.0
64,512,15.8,1.97,9304,11341,2,2822.0
8,512,15.7,2.14,8975,14220,5,1381.0
4,512,16.2,1.63,21420,17939,4,1348.0
8,512,14.1,1.98,20098,10691,0,1665.0
8,1024,12.4,1.01,10871,13612,3,1393.0
4,256,15.0,1.61,14385,15912,1,1503.0
16,512,16.7,1.93,16543,6135,2,1445.0
64,512,13.0,0.87,21595,15399,5,2961.0
16,256,11.1,1.41,23098,6138,1,1680.0
16,2048,12.2,1.97,13405,9565,2,1800.0
8,512,16.9,1.96,8253,18952,4,1489.0
16,256,11.0,1.28,4804,10539,4,1211.0
16,1024,11.3,1.02,23948,13591,5,1798.0
16,1024,11.6,0.84,19822,15348,4,1952.0
32,512,16.6,2.18,13677,1531,4,1803.0
16,1024,13.4,1.64,20940,18799,2,2037.0
8,256,15.4,1.91,17086,5545,1,1369.0
16,512,15.4,2.43,14574,9533,4,1479.0
8,1024,13.7,1.98,8984,11360,4,1260.0
8,1024,15.6,1.29,6884,9930,4,1202.0
16,512,13.9,1.8,18278,4196,3,1493.0
32,512,14.4,1.96,5949,13405,0,1947.0
4,512,12.9,1.82,18923,9583,5,1027.0
16,512,11.0,1.4,11517,8171,4,1273.0
16,512,14.7,2.12,16029,13519,0,1770.0
8,1024,12.7,1.46,3610,9536,1,1209.0
8,1024,12.7,2.26,21975,2141,4,925.0
8,1024,16.5,1.46,17468,19912,4,1889.0
16,2048,13.3,1.36,13375,5448,2,1632.0
16,256,11.6,1.93,14502,13933,2,1530.0
16,1024,15.0,1.21,3330,17674,5,1593.0
4,512,14.4,2.06,21710,1392,3,1120.0
32,1024,11.4,0.8,23095,1297,3,1761.0
32,256,13.2,1.52,24237,10523,1,2411.0
4,512,14.9,2.02,15494,2674,0,1161.0
8,1024,12.8,1.93,22743,10481,4,1560.0
8,256,17.2,1.97,16529,16489,4,1773.0
32,256,16.0,2.28,24986,16618,5,2142.0
32,512,14.2,1.51,16168,13690,3,2084.0
4,1024,16.8,2.56,10534,18583,4,1382.0
8,256,11.2,0.85,3907,9692,1,1223.0
8,1024,12.4,1.52,5513,11912,2,1233.0
8,256,16.8,1.41,9326,17251,0,1568.0
32,512,14.2,1.8,18589,7819,0,2262.0
4,512,12.1,1.68,4976,4566,2,949.0
8,512,14.6,1.9,6403,19068,0,1514.0
8,1024,15.6,1.66,17295,607,3,1365.0
16,1024,14.8,1.97,18911,2667,1,1618.0
16,256,11.3,1.35,21803,16340,2,2090.0
8,1024,11.2,1.08,17996,13074,4,1606.0
4,512,13.6,1.17,17532,12933,0,1488.0
8,512,11.1,1.88,11404,14133,2,1278.0
64,1024,11.5,1.39,20898,7068,0,2824.0
16,1024,15.0,1.87,17128,16466,0,2062.0
4,512,13.8,1.42,10317,11797,4,1134.0
32,1024,11.5,1.52,6945,6511,2,1786.0
8,256,16.5,1.45,3692,2087,3,942.0
16,256,13.3,1.28,23850,6930,4,1333.0
4,1024,16.6,2.27,12012,6599,4,1060.0
32,512,14.8,1.2,23155,18354,0,2735.0
8,512,14.9,1.6,6713,11585,2,1437.0
8,512,13.7,1.34,6067,16161,3,1316.0
16,256,15.2,1.24,9714,16968,1,1762.0
16,1024,12.5,1.24,7404,15061,3,1542.0
8,1024,12.6,1.67,8254,6673,4,1052.0
4,256,16.5,1.44,4653,4421,4,670.0
8,256,12.3,2.09,6974,1686,1,1009.0
4,1024,13.4,1.69,5977,5768,3,892.0
8,1024,15.7,2.26,18130,2218,0,1465.0
4,1024,13.1,1.79,21861,6045,1,1107.0
8,512,13.3,0.95,16148,6473,2,1335.0
8,512,16.7,1.55,14871,5132,3,1442.0
16,512,12.3,0.91,21100,12711,2,1501.0
8,256,12.5,1.33,22550,17233,1,1904.0
4,512,16.6,1.56,24652,14252,1,1828.0
8,256,12.7,1.91,23144,13894,1,1537.0
16,256,13.1,1.73,8225,14048,5,1130.0
8,512,16.6,2.35,13331,9350,2,1534.0
8,256,13.0,1.2,23637,17560,1,1818.0
16,512,17.3,2.68,24065,15037,3,2005.0
8,512,16.2,2.34,19888,13794,0,1738.0
32,512,16.3,1.87,20253,19223,0,2476.0
32,2048,12.4,1.03,15382,13577,3,2336.0
8,1024,12.4,1.42,24270,7966,0,1544.0
16,512,15.7,1.31,24397,12083,0,2143.0
8,1024,16.2,2.17,19030,15080,1,1625.0
4,512,12.4,1.17,14273,13497,1,1289.0
8,1024,12.3,1.1,3355,13284,3,1060.0
16,256,12.5,1.5,3622,14743,2,1558.0
32,512,11.9,1.56,5018,1752,3,1197.0
4,2048,13.7,1.28,5747,19533,1,1552.0
16,512,14.2,1.7,9337,19679,1,1903.0
8,512,15.0,1.5,9881,4002,3,1116.0
4,1024,11.3,1.52,8988,4145,0,1335.0
64,512,12.2,1.76,18318,13039,0,3195.0
16,1024,11.7,1.63,8214,616,2,1224.0
4,256,12.7,2.31,15458,2924,3,977.0
32,256,12.2,1.26,20239,15310,3,1888.0
4,256,16.9,1.53,18030,4518,0,1283.0
4,256,13.4,1.39,4295,3918,5,621.0
8,2048,11.9,1.36,3412,18570,3,1490.0
32,256,15.2,1.61,14861,17028,3,1986.0
4,256,17.1,2.8,8454,8392,5,846.0
32,512,16.0,1.15,3174,15277,4,1794.0
16,1024,15.1,1.65,15203,11559,4,1758.0
4,1024,13.4,2.15,6896,5569,0,1186.0
16,512,13.5,1.91,17395,4627,5,1220.0
8,256,12.9,2.09,15685,11301,5,1121.0
16,1024,16.1,1.18,12502,10445,3,1705.0
16,256,16.1,1.23,13298,9092,3,1450.0
16,256,14.1,2.4,7800,975,0,1187.0
64,256,16.4,1.33,5770,11614,1,2584.0
8,512,15.1,2.03,9815,11826,2,1437.0
32,2048,15.3,1.31,8135,12474,2,2331.0
8,1024,12.7,1.17,19740,19107,4,1723.0
16,512,12.5,1.92,20689,4724,5,1341.0
32,512,12.4,1.32,18787,13901,0,2291.0
64,512,16.7,2.1,10923,7480,3,2887.0
8,512,16.0,2.13,8439,13476,3,1377.0
8,512,16.7,1.87,24457,12576,0,1716.0
32,256,16.2,1.46,23912,11320,1,2201.0
32,256,16.1,1.75,21122,7814,5,1983.0
8,1024,13.7,1.74,3967,6746,5,1069.0
32,512,15.8,2.06,15308,13415,4,2113.0
8,1024,12.0,0.8,8157,15589,2,1551.0
8,256,15.1,1.4,5342,18914,1,1558.0
16,1024,11.3,1.38,12641,8076,1,1351.0
8,512,17.1,1.87,23458,7670,3,1455.0
8,2048,16.5,1.66,20695,7063,1,1592.0
8,512,12.0,2.47,9593,16999,2,1320.0
8,512,15.8,2.41,15435,11175,3,1245.0
4,1024,16.2,1.16,23965,7190,4,1459.0
4,512,11.3,1.39,17861,19508,5,1332.0
16,512,14.6,1.38,11569,16902,0,1656.0
16,256,13.6,1.39,23928,14815,3,1890.0
16,512,14.9,1.21,13643,16388,3,1834.0
32,512,16.6,1.59,11074,13655,4,1842.0
8,256,15.6,1.34,17199,4845,0,1451.0
8,256,12.3,0.87,6991,2997,3,969.0
8,512,14.5,1.89,4479,16841,0,1473.0
8,256,14.5,1.35,12007,16259,0,1727.0
16,1024,11.1,1.58,4975,5936,1,1307.0
8,256,11.8,1.93,15394,8745,3,1277.0
8,256,13.3,1.51,19638,11849,2,1494.0
16,2048,12.1,1.44,5957,12755,3,1571.0
8,512,12.5,2.02,5585,13526,2,1281.0
4,512,15.3,1.76,3849,11436,3,1180.0
16,256,17.1,2.45,4230,10302,3,1391.0
16,256,13.9,1.62,18972,15816,1,1805.0
8,512,15.1,1.76,16157,675,1,1134.0
16,1024,15.8,1.49,24752,1125,1,1686.0
4,256,15.2,1.03,6435,18882,5,1173.0
8,1024,15.1,2.1,23490,2403,1,1507.0
16,2048,11.0,1.1,20109,3198,5,1459.0
8,512,16.5,1.98,11276,5983,0,1382.0
8,512,12.0,1.85,16851,9838,4,1205.0
16,256,12.1,1.37,12991,4448,0,1416.0
16,256,14.2,1.39,3602,1698,0,1389.0
8,512,14.7,2.37,21235,13789,1,1812.0
16,1024,15.8,2.17,4546,14792,0,1694.0
4,256,12.8,1.6,24668,2776,3,1164.0
64,1024,17.0,1.83,21850,2270,4,2718.0
8,512,15.0,1.62,10836,2301,5,919.0
8,256,16.3,1.64,23617,5057,3,1373.0
8,256,14.0,2.02,23941,10831,4,1337.0
64,1024,11.4,1.63,5543,17398,4,2512.0
8,512,11.1,1.01,18370,1794,3,775.0
16,512,15.0,2.23,8222,2813,5,1086.0
64,1024,13.7,1.6,6239,15986,4,2871.0
64,256,13.8,2.23,7812,9094,0,2551.0
4,512,13.1,1.52,12908,6928,2,1177.0
16,256,12.1,0.94,14717,17066,4,1545.0
16,512,14.0,1.38,3067,6396,0,1401.0
16,256,12.6,1.41,17381,17440,0,1797.0
8,256,16.6,1.85,11963,12145,4,1295.0
8,1024,12.1,0.92,19673,4737,2,1342.0
4,512,17.1,1.84,14507,19535,4,1278.0
4,512,16.4,1.4,14111,17451,1,1681.0
16,1024,13.4,2.29,20556,6020,3,1519.0
4,512,15.9,1.87,4289,12694,5,747.0
8,256,14.7,1.91,10274,4905,5,1006.0
8,512,13.9,1.44,18066,4938,1,1354.0
4,256,16.1,1.76,17289,7682,4,1202.0
4,256,16.2,2.4,8491,7006,5,936.0
32,512,12.3,1.47,17590,15694,4,1977.0
8,256,16.7,1.23,11334,6100,4,1038.0
8,256,11.2,1.42,14528,18701,0,1563.0
16,512,11.0,1.37,22106,12803,4,1532.0
4,1024,14.0,0.88,16492,3506,5,1309.0
8,512,12.9,1.86,17905,2042,2,1360.0
64,512,13.7,1.75,13118,1082,3,2343.0
32,256,14.0,1.33,16232,18505,1,2251.0
16,512,14.0,1.51,16431,6462,3,1488.0
4,512,16.7,2.01,5750,7416,1,1235.0
8,2048,16.8,2.26,13135,6754,3,1418.0
4,256,13.2,0.93,9048,15003,2,1162.0
8,1024,12.8,1.17,23062,15075,1,2032.0
4,2048,15.1,1.65,9545,14682,4,1590.0
4,512,12.3,1.33,5485,13771,1,1032.0
16,1024,13.5,1.73,22881,15695,3,1698.0
4,1024,15.5,2.29,22006,15071,5,1402.0
8,512,11.0,1.11,21718,4190,5,1094.0
32,256,15.9,2.26,19392,8158,3,2024.0
8,512,15.6,1.72,13169,4340,5,1016.0
8,1024,13.4,2.25,3247,8856,5,767.0
4,256,12.6,1.16,11306,15030,1,1374.0
16,512,14.4,1.08,18817,18867,1,2098.0
16,256,12.9,1.11,10019,17555,1,1712.0
16,1024,16.2,2.05,10981,1442,3,1271.0
16,1024,14.7,1.36,23457,6567,0,1953.0
4,256,12.9,1.94,14156,915,3,828.0
8,1024,16.1,1.69,8813,8751,1,1308.0
16,512,14.8,2.29,14388,828,0,1424.0
64,256,11.8,1.73,22504,16147,0,2954.0
32,512,13.6,1.6,19174,16430,3,2296.0
16,512,14.1,2.2,14721,19158,2,1881.0
16,512,17.0,2.23,13700,10596,2,1548.0
4,512,13.0,1.29,20137,5208,2,1242.0
32,2048,13.8,1.35,16986,14050,2,2525.0
4,512,17.2,1.53,21578,4322,3,1066.0
4,512,13.7,1.32,7823,13243,1,1283.0
16,256,16.2,1.46,16174,12871,5,1762.0
32,256,11.6,0.94,4556,16353,3,1622.0
16,1024,13.5,2.19,16948,8378,1,1641.0
8,1024,12.2,1.13,17701,10832,4,1204.0
8,1024,16.6,2.05,6621,17643,2,1595.0
4,512,14.5,0.82,24747,6907,5,984.0
32,512,12.4,1.5,18430,17243,5,1840.0
64,512,11.6,1.5,4706,2684,5,2024.0
8,1024,13.7,0.94,23939,18454,4,1810.0
32,512,11.6,1.49,23035,8515,5,1873.0
8,512,14.1,1.39,3472,7278,2,1135.0
8,512,15.6,1.41,11457,4304,5,1169.0
16,512,13.0,1.9,17448,9379,1,1700.0
4,256,12.1,1.21,17371,18563,4,1459.0
8,256,13.3,2.12,14055,19670,5,1267.0
8,256,12.0,1.12,8853,15381,1,1369.0
16,256,16.3,1.41,23726,19119,3,2408.0
16,1024,11.6,1.55,18208,6049,3,1718.0
32,1024,15.7,2.27,7606,17770,5,2097.0
32,1024,13.1,2.11,12589,10472,0,2171.0
8,512,15.6,1.52,3534,617,3,996.0
8,256,15.9,1.87,20488,9654,3,1399.0
32,512,11.9,1.52,3220,19696,2,2189.0
16,1024,15.8,2.35,9093,12287,1,1661.0
4,512,17.0,1.82,7947,4015,4,942.0
4,512,14.6,2.36,10323,18964,3,1640.0
64,512,15.1,2.16,13083,19580,5,2624.0
16,256,13.0,1.38,16758,5875,4,1350.0
4,512,12.1,1.45,6304,13221,5,755.0
16,512,15.7,1.76,5318,12477,0,1567.0
16,512,16.2,2.51,3672,1294,4,1007.0
8,256,12.3,1.46,24454,10335,5,1261.0
64,512,11.7,1.99,5974,2629,4,2171.0
32,512,13.2,2.04,16361,19113,0,2259.0
4,512,14.9,1.62,22434,602,0,1293.0
8,256,13.3,2.0,24391,4753,2,1187.0
8,1024,17.1,1.76,12271,5957,4,1234.0
32,512,16.0,1.35,6918,13133,1,1904.0
16,512,16.8,1.26,17539,4974,2,1690.0
16,2048,14.8,1.61,18599,2270,0,1652.0
16,1024,15.8,1.81,15112,18865,2,2072.0
8,1024,17.0,2.17,7434,11102,2,1384.0
32,512,11.2,1.43,22310,4352,2,1821.0
4,1024,14.6,2.0,4827,19214,1,1636.0
16,512,12.2,1.55,13931,18878,4,1651.0
8,2048,16.0,2.37,12745,14528,0,1642.0
8,1024,12.5,1.77,14981,3379,4,1132.0
64,512,15.7,1.62,13369,1112,4,2088.0
16,1024,13.1,1.33,13054,851,0,1476.0
4,512,15.1,2.07,15278,19686,1,1612.0
8,1024,15.3,2.37,9276,11916,3,1191.0
16,256,16.7,1.39,13262,11025,5,1489.0
4,2048,16.5,1.42,17199,14209,5,1576.0
8,1024,13.8,2.03,7304,11804,3,1508.0
4,256,15.3,1.9,20629,11615,0,1511.0
16,256,12.1,1.84,18006,18935,2,2015.0
8,512,11.6,1.66,17270,19969,3,1733.0
16,1024,15.5,1.55,8853,11902,0,1704.0
8,256,16.7,2.38,24054,12536,2,1574.0
16,2048,15.7,1.59,9386,4804,5,1591.0
8,512,14.3,1.98,20654,8259,0,1541.0
32,2048,15.0,2.57,20188,8871,0,2414.0
64,1024,15.6,2.0,24820,18700,4,3211.0
8,512,14.6,2.35,17999,15109,4,1319.0
8,512,13.3,1.29,23079,13419,5,1411.0
32,256,16.4,2.1,18995,8230,3,1869.0
8,256,13.3,1.59,13717,17024,1,1380.0
32,512,16.7,2.04,23280,3785,2,2013.0
8,1024,16.0,2.21,16075,9386,2,1725.0
16,1024,16.0,1.77,21756,8088,0,2122.0
8,512,16.3,2.48,4070,16375,5,1216.0
16,2048,17.2,2.52,7829,2510,2,1544.0
32,256,17.2,2.19,12090,3222,2,1843.0
4,2048,14.2,2.27,24474,2448,0,1733.0
32,1024,13.4,1.91,13776,14538,2,2170.0
16,256,15.6,2.24,14440,2868,4,1175.0
8,1024,17.1,1.49,8272,18698,0,1789.0
8,1024,15.0,1.14,15287,10432,4,1557.0
4,1024,11.2,1.48,24687,5004,2,1608.0
8,1024,11.2,1.06,9127,6767,0,1206.0
16,512,13.9,1.78,22295,4622,2,1310.0
4,512,16.0,1.65,11524,4006,3,1148.0
16,512,16.6,2.22,15613,2023,4,1300.0
64,1024,13.4,1.34,15260,14905,1,3078.0
64,1024,14.3,2.1,22228,1102,4,2752.0
32,256,14.2,1.82,3739,12427,4,1678.0
32,1024,11.6,1.75,3453,12224,3,1574.0
8,256,11.0,0.8,18844,16486,1,1362.0
64,256,14.3,1.49,11843,5309,1,2613.0
8,256,14.2,1.64,10674,3635,1,995.0
32,512,16.4,1.31,22844,8810,4,2130.0
32,256,12.1,1.06,18223,12596,1,1946.0
16,256,16.4,2.61,3442,5028,4,1048.0
16,256,12.7,1.93,19104,5632,5,1072.0
8,512,14.4,1.49,15320,14971,5,1337.0
16,1024,15.5,1.93,16607,10155,4,1567.0
8,256,11.9,2.29,6128,18084,3,1303.0
4,512,17.0,1.82,4643,9200,2,1322.0
4,512,17.0,2.34,12682,13339,1,1458.0
32,256,17.1,2.79,15388,11874,4,1850.0
32,256,11.0,1.78,17730,3485,3,1849.0
4,1024,15.1,1.24,10797,11622,2,1430.0
4,2048,15.2,2.58,6102,15139,2,1562.0
8,1024,16.5,2.65,18722,18409,1,1967.0
4,256,12.3,1.35,21275,1526,0,1355.0
8,1024,11.8,1.59,18644,12678,5,1467.0
16,512,16.1,1.2,7113,11249,5,1468.0
8,256,12.6,1.81,14055,7355,0,1392.0
8,512,11.4,1.59,24636,6468,0,1384.0
8,2048,11.6,1.42,19089,15990,4,1596.0
16,1024,15.1,2.09,10932,9218,2,1562.0
8,512,14.4,1.68,6156,3646,5,859.0
8,256,15.7,1.33,12579,16703,5,1402.0
8,1024,16.1,2.35,20954,15618,0,1952.0
32,2048,11.0,1.03,9046,13651,3,2056.0
8,512,16.9,1.69,24323,11749,5,1503.0
16,256,16.5,1.33,15339,16464,0,1785.0
8,512,16.9,2.53,22814,5572,4,1457.0
32,512,15.8,2.01,7557,16965,1,2226.0
8,512,13.4,2.14,20862,15172,0,1620.0
16,512,12.6,2.0,8140,12421,3,1443.0
32,256,16.7,2.53,11913,2725,2,1774.0
16,256,13.6,2.1,7191,6847,1,1322.0
4,256,14.1,2.44,23516,1195,1,953.0
4,256,15.4,1.51,15287,5797,4,921.0
64,2048,15.3,2.01,15368,5799,2,2855.0
4,256,15.4,2.35,5245,10708,5,1103.0
8,1024,14.9,2.04,7734,10343,2,1237.0
64,1024,14.2,2.39,12671,15493,0,3026.0
4,512,15.8,2.46,14934,12800,2,1262.0
8,512,13.5,1.23,5314,10393,0,1261.0
8,256,12.7,1.37,21718,6628,0,1499.0
4,512,16.7,2.39,14028,13959,5,1023.0
8,1024,16.3,2.28,17917,11786,1,1351.0
16,1024,15.5,1.61,3519,12610,5,1468.0
8,512,12.1,1.3,21326,19620,1,1802.0
4,2048,11.3,1.04,6294,1595,5,755.0
32,1024,16.8,1.54,3771,19970,3,2306.0
32,512,16.9,1.82,15133,18661,0,2587.0
16,512,12.7,1.37,24337,14558,4,1496.0
4,256,15.0,1.12,24864,10616,0,1625.0
16,2048,11.1,0.95,23298,6391,4,1801.0
16,512,13.5,1.38,12548,8446,2,1399.0
8,1024,15.4,1.22,14062,9796,3,1413.0
32,256,13.3,1.35,12081,8736,0,2068.0
8,2048,16.1,2.06,23312,16254,5,1817.0
16,256,16.8,2.86,23664,9901,0,1741.0
4,512,11.9,2.02,7001,17799,3,1110.0
16,256,15.3,1.92,14711,17320,0,1756.0
16,256,13.4,1.44,11033,19051,1,1848.0
16,1024,12.1,1.5,19649,16468,5,1490.0
8,256,13.2,1.69,6719,8059,0,1325.0
64,512,14.0,1.71,12545,6937,0,2560.0
16,256,16.6,2.15,17737,7091,4,1475.0
8,1024,15.8,2.17,23099,11744,2,1542.0
8,256,11.0,1.37,23185,7051,3,1214.0
16,512,11.4,1.59,19787,15283,4,1737.0
8,1024,17.3,1.45,23491,15809,0,2199.0
16,512,14.5,1.26,5361,7175,3,1440.0
16,1024,14.8,1.33,4759,19166,3,1705.0
16,2048,13.2,1.6,11989,12879,2,1821.0
32,256,16.2,2.11,19906,11482,5,1998.0
8,512,14.5,1.52,5675,13141,0,1509.0
8,1024,14.7,1.39,15295,9141,3,1371.0
8,1024,12.6,1.36,22967,4631,0,1667.0
32,1024,15.9,1.46,7860,13492,1,2204.0
8,256,12.3,0.85,11622,5833,2,1259.0
16,256,11.9,0.87,22686,8721,4,1550.0
8,1024,14.8,1.91,19041,8983,4,1489.0
32,512,16.2,2.07,14631,11616,2,2002.0
32,256,12.8,1.38,4592,18030,5,1711.0
4,256,12.9,1.51,3924,4166,0,774.0
64,512,11.9,1.63,13911,13620,4,2629.0
16,256,14.8,1.26,11269,2434,0,1392.0
4,1024,15.9,1.83,4395,9172,1,1348.0
8,512,11.8,2.04,18012,8408,5,955.0
4,1024,14.4,1.84,24747,11562,0,2114.0
16,256,14.4,1.96,21719,5732,0,1655.0
8,512,11.7,1.98,10616,15279,0,1614.0
8,256,14.3,2.0,7377,3464,4,993.0
8,1024,12.7,1.39,10721,2475,2,805.0
16,512,12.3,1.32,16022,19315,0,1918.0
32,256,17.2,1.9,20093,9173,2,2312.0
32,2048,11.6,0.83,4905,14079,2,1786.0
8,512,13.2,1.97,15543,8660,0,1516.0
16,512,14.9,1.42,23058,8070,1,1682.0
4,1024,13.6,1.97,14378,3116,2,1051.0
8,512,11.1,0.84,3213,19837,2,1392.0
64,2048,16.5,2.66,6303,7205,3,2519.0
4,256,12.5,1.19,24359,2586,0,1314.0
32,2048,13.6,1.37,16613,18764,2,2427.0
16,256,16.7,1.2,15436,7299,2,1511.0
8,1024,17.1,2.34,15641,3491,5,1269.0
16,256,16.8,2.31,19543,17736,4,2245.0
8,512,13.6,1.22,12398,2374,4,1027.0
32,512,15.7,2.34,17721,19377,3,2357.0
4,256,16.3,2.03,12496,19507,4,1425.0
4,256,12.2,1.93,14125,15959,0,1351.0
16,256,17.1,1.93,9723,7076,4,1370.0
8,1024,11.6,1.8,12639,4130,4,1193.0
4,256,15.1,1.21,4570,1339,4,743.0
16,512,12.5,1.82,7574,11545,5,1337.0
8,512,12.4,0.83,3480,5946,4,859.0
16,256,11.9,1.51,9304,1889,2,1411.0
16,2048,16.9,2.26,8342,14959,5,1535.0
32,512,11.8,1.51,5071,1737,2,1524.0
4,512,16.7,2.26,24464,17572,1,1900.0
16,1024,12.0,1.49,8900,17332,0,1835.0
64,1024,13.1,0.85,18781,14907,0,3070.0
8,256,12.3,0.95,17391,546,0,1057.0
16,256,17.2,2.64,5118,11480,0,1559.0
4,512,11.6,1.41,15135,2391,2,983.0
32,256,16.4,2.18,16556,5137,1,1811.0
16,256,12.9,1.14,15484,2563,0,1302.0
32,1024,17.0,2.17,17633,3541,3,2017.0
16,512,15.7,2.47,14635,14375,5,1675.0
32,512,12.7,1.36,22101,16187,0,2323.0
4,256,14.2,1.26,23804,12754,3,1384.0
16,1024,12.0,1.32,18388,2805,4,1238.0
8,512,13.6,1.19,21704,4709,1,1720.0
8,256,11.2,1.06,11571,11764,2,1302.0
8,2048,15.3,1.05,8807,8498,3,1456.0
16,2048,14.7,1.54,22597,10012,1,2177.0
16,2048,12.7,1.67,15249,19055,1,2370.0
32,1024,11.1,1.2,24696,19326,4,2458.0
4,512,16.9,1.9,24315,4605,5,1057.0
8,512,11.8,1.09,12994,4492,4,984.0
8,512,13.1,1.0,8887,1821,3,900.0
32,256,11.2,1.53,7616,12720,5,1548.0
16,512,13.4,1.0,18428,13111,4,1484.0
16,256,13.5,0.88,4524,17394,4,1405.0
16,256,14.4,2.45,17249,2605,1,1270.0
16,1024,13.0,1.35,9542,10969,0,1712.0
8,512,12.6,1.27,17729,11350,2,1443.0
4,512,16.0,2.91,9592,10711,1,1100.0
8,1024,12.8,1.21,15240,5471,4,974.0
32,1024,13.1,2.04,24608,726,3,1797.0
16,512,14.1,1.48,19294,1135,2,1490.0
4,1024,12.7,1.83,5400,16817,3,1307.0
8,512,15.6,1.74,11258,13340,0,1577.0
8,2048,11.5,1.3,14786,17418,3,1289.0
16,1024,13.0,1.96,23611,15159,2,1868.0
16,256,13.7,2.15,14712,18955,0,1798.0
64,256,12.6,1.42,15478,6626,4,2445.0
8,512,16.3,1.84,10043,6846,3,1062.0
8,256,13.2,1.18,10438,3586,2,997.0
16,256,13.7,1.35,12943,4798,4,1147.0
32,1024,14.0,1.15,17056,19542,5,2555.0
16,256,16.2,1.75,19550,3573,2,1607.0
8,256,12.4,1.87,18078,5272,3,1103.0
32,1024,16.2,2.1,8040,16913,4,2064.0
8,256,17.0,2.37,23224,5302,5,1254.0
64,256,12.7,1.32,18014,3978,2,2608.0
8,2048,12.1,0.81,16991,7634,0,1616.0
4,1024,16.0,1.2,21798,16326,4,1662.0
32,512,13.0,1.14,14494,5179,3,1874.0
8,256,12.4,1.74,21418,11191,0,1657.0
32,256,11.5,1.28,10767,5295,3,1611.0
16,2048,14.9,1.93,24064,19011,3,2384.0
16,1024,16.9,2.61,12362,18526,2,1954.0
4,256,16.6,2.45,17329,10996,0,1383.0
16,1024,14.7,2.48,9303,2099,5,902.0
4,512,13.8,1.85,16749,17404,3,1375.0
64,1024,17.2,1.46,16644,16773,0,3342.0
32,256,15.2,2.01,5631,9741,0,1944.0
8,256,17.0,1.8,21947,10927,2,1750.0
4,256,15.3,2.06,19673,9521,5,1103.0
32,256,15.4,1.39,16041,1187,1,1730.0
8,1024,15.4,2.23,18576,7571,1,1635.0
4,1024,11.8,1.44,7465,3445,5,893.0
8,512,12.6,1.82,18638,14556,3,1407.0
8,1024,11.4,1.66,3800,13287,4,1147.0
8,256,16.9,1.51,7453,12539,2,1555.0
16,512,17.3,2.54,22317,11421,1,1955.0
32,1024,14.8,2.23,24792,7937,0,2307.0
32,2048,12.0,1.64,9495,5219,0,1747.0
8,512,11.8,1.42,19684,750,3,1219.0
8,1024,13.8,0.85,18154,6180,0,1634.0
8,2048,13.5,1.41,19820,9312,3,1633.0
64,2048,12.2,1.63,23800,18581,1,3376.0
4,256,11.6,1.93,9767,10449,4,770.0
16,512,15.1,2.1,23678,14874,5,1729.0
32,512,16.0,1.85,14877,9336,4,1894.0
8,512,11.4,1.35,15206,13407,5,1349.0
8,512,12.9,1.27,13366,8157,5,941.0
16,256,12.9,1.47,23089,18519,4,1977.0
8,256,14.4,2.16,23743,2511,2,1286.0
32,1024,14.8,1.66,11859,5017,2,2018.0
4,512,13.6,1.78,5998,15688,2,1131.0
8,1024,16.5,1.84,23692,6928,2,1670.0
